trial_id,pmid,braccio,farmaco,dose_totale_mg,schema,n_randomizzati,n_analizzati,popolazione_analisi,esito,finestra,soglia_mmol_l,soglia_testo,n_eventi,percentuale,media,ds,tipo_dispersione,misura_continua,unita,tempo_misura_giorni,pagina_o_tabella,citazione,fonte_dato,estrattore,usa_in_analisi,note
EudraCT-2019-004370-26,38347520,FDI,FDI,,1000 d0 + 500 o 1000 a 1 mese,14,14,itt,P1,estesa,0.65,< 0.65 mmol/L,0,,,,,,,0-60,"Results, Intact FGF23 and phosphate, paragrafo dopo Table 4",«No moderate or severe hypophosphatemia were noted as per protocol (serum phosphate concentration < 0.65 mmol/L).»,fulltext,A,,"affermazione riferita all'intero trial (zero in entrambi i bracci), ripetuta in Discussion: «there was no incidence of hypophosphatemia in the study as per the cut-off set (0.65 mmol/L)». Fosfato misurato fino a 2 mesi (visit 7, 53-60 giorni; 37015198 Table 4): finestra estesa; lo zero coprirebbe anche 0-35 ma la fonte non lo riporta per la finestra primaria. n_analizzati = randomizzati (analisi ITT dichiarata), ma non tutti hanno campioni a ogni visita (Table 4). n_randomizzati da Results, Baseline («FDI (n = 14) or FCM (n = 12)»); dose cumulativa 1500 o 2000 mg secondo Hb e peso (37015198 Table 1); dose media somministrata FDI 1428.6 (SD 331.5) mg"
EudraCT-2019-004370-26,38347520,FCM,FCM,,1000 d0 + 500 o 1000 a 1 mese,12,12,itt,P1,estesa,0.65,< 0.65 mmol/L,0,,,,,,,0-60,"Results, Intact FGF23 and phosphate, paragrafo dopo Table 4",«No moderate or severe hypophosphatemia were noted as per protocol (serum phosphate concentration < 0.65 mmol/L).»,fulltext,A,,"affermazione riferita all'intero trial (zero in entrambi i bracci), ripetuta in Discussion: «there was no incidence of hypophosphatemia in the study as per the cut-off set (0.65 mmol/L)». Fosfato misurato fino a 2 mesi (visit 7, 53-60 giorni; 37015198 Table 4): finestra estesa; lo zero coprirebbe anche 0-35 ma la fonte non lo riporta per la finestra primaria. n_analizzati = randomizzati (analisi ITT dichiarata), ma non tutti hanno campioni a ogni visita (Table 4). n_randomizzati da Results, Baseline; dose cumulativa 1500 o 2000 mg secondo Hb e peso (37015198 Table 1); dose media somministrata FCM 1500 (SD 213.2) mg"
EudraCT-2019-004370-26,38347520,FDI,FDI,,1000 d0 + 500 o 1000 a 1 mese,14,14,itt,S1,estesa,0.30,<0.3 mmol/L,0,,,,,,,0-60,"Results, Intact FGF23 and phosphate, paragrafo dopo Table 4; soglia da Supplementary Table 2",«No moderate or severe hypophosphatemia were noted as per protocol (serum phosphate concentration < 0.65 mmol/L).»,fulltext,A,,"soglia di ipofosfatemia grave dal protocollo: «severe hypophosphatemia (<0.3mmol/L)» (Supplementary Table 2; 37015198 Table 2); la frase dei Results dice nessuna ipofosfatemia moderata o grave nell'intero trial, senza ripetere la soglia grave. 0.3 mmol/L non coincide con 0.32 (≤1.0 mg/dL). n_randomizzati da Results, Baseline; dose cumulativa 1500 o 2000 mg secondo Hb e peso (37015198 Table 1)"
EudraCT-2019-004370-26,38347520,FCM,FCM,,1000 d0 + 500 o 1000 a 1 mese,12,12,itt,S1,estesa,0.30,<0.3 mmol/L,0,,,,,,,0-60,"Results, Intact FGF23 and phosphate, paragrafo dopo Table 4; soglia da Supplementary Table 2",«No moderate or severe hypophosphatemia were noted as per protocol (serum phosphate concentration < 0.65 mmol/L).»,fulltext,A,,"soglia di ipofosfatemia grave dal protocollo: «severe hypophosphatemia (<0.3mmol/L)» (Supplementary Table 2; 37015198 Table 2); la frase dei Results dice nessuna ipofosfatemia moderata o grave nell'intero trial, senza ripetere la soglia grave. 0.3 mmol/L non coincide con 0.32 (≤1.0 mg/dL). n_randomizzati da Results, Baseline; dose cumulativa 1500 o 2000 mg secondo Hb e peso (37015198 Table 1)"
EudraCT-2019-004370-26,38347520,FDI,FDI,,1000 d0 + 500 o 1000 a 1 mese,14,14,itt,S2,estesa,0.81,< 0.81 mmol/L,1,,,,,,,0-60,"Discussion, secondo paragrafo","«One episode of transient, non-symptomatic mild hypophosphatemia was seen (< 0.81 mmol/L) in each group.»",fulltext,A,,"la fonte conta episodi, non pazienti: un episodio per braccio, quindi 1 paziente. Coerente con Supplementary Table 5 (AE non serio «Mild hypophosphatemia», FDI 1 riga) e Results, Safety («possibly one on each group being related to the study group (mild hypophosphatemia)»). Tempo dell'episodio non riportato. n_randomizzati da Results, Baseline; dose cumulativa 1500 o 2000 mg secondo Hb e peso (37015198 Table 1)"
EudraCT-2019-004370-26,38347520,FCM,FCM,,1000 d0 + 500 o 1000 a 1 mese,12,12,itt,S2,estesa,0.81,< 0.81 mmol/L,1,,,,,,,0-60,"Discussion, secondo paragrafo","«One episode of transient, non-symptomatic mild hypophosphatemia was seen (< 0.81 mmol/L) in each group.»",fulltext,A,,"la fonte conta episodi, non pazienti: un episodio per braccio, quindi 1 paziente. Coerente con Supplementary Table 5 (AE non serio «Mild hypophosphatemia», FCM 1 riga). Tempo dell'episodio non riportato. n_randomizzati da Results, Baseline; dose cumulativa 1500 o 2000 mg secondo Hb e peso (37015198 Table 1)"
EudraCT-2019-004370-26,38347520,FDI,FDI,,1000 d0 + 500 o 1000 a 1 mese,14,14,altro,S4,primaria,,,,,1.37,,iqr,valore-a-tempo,mmol/L,1-2,"Table 4, Phosphate, 1–2 days post 1st infusion",«1–2 days post 1st infusion | FDI (14) | 1.37 (1.12–1.58) mmol/L | 0.647»,fulltext,A,,"mediana (IQR 1.12–1.58); n = pazienti con campione alla visita; basale FDI 1.30 (1.16–1.59) n=14; giorni da 37015198 Table 4 (visit 3: 1-2 giorni dopo visit 2). n_randomizzati da Results, Baseline; dose cumulativa 1500 o 2000 mg secondo Hb e peso (37015198 Table 1)"
EudraCT-2019-004370-26,38347520,FCM,FCM,,1000 d0 + 500 o 1000 a 1 mese,12,11,altro,S4,primaria,,,,,1.23,,iqr,valore-a-tempo,mmol/L,1-2,"Table 4, Phosphate, 1–2 days post 1st infusion",«FCM (11) | 1.23 (1.04–1.35) mmol/L»,fulltext,A,,"mediana (IQR 1.04–1.35); p FDI vs FCM 0.647; n = pazienti con campione alla visita; basale FCM 1.20 (1.07–1.38) n=12; giorni da 37015198 Table 4 (visit 3). n_randomizzati da Results, Baseline; dose cumulativa 1500 o 2000 mg secondo Hb e peso (37015198 Table 1)"
EudraCT-2019-004370-26,38347520,FDI,FDI,,1000 d0 + 500 o 1000 a 1 mese,14,13,altro,S4,primaria,,,,,1.26,,iqr,valore-a-tempo,mmol/L,11-17,"Table 4, Phosphate, 2 weeks; Results, Intact FGF23 and phosphate",«A significant difference was observed in phosphate concentration at 2 weeks (FDI: 1.26 (IQR: 1.05–1.66) mmol/L vs. FCM: 1.09 (IQR: 0.94–1.23) mmol/L; p = 0.049)»,fulltext,A,,"mediana (IQR 1.05–1.66); n = pazienti con campione alla visita (Table 4: FDI (13)); giorni da 37015198 Table 4 (visit 4: 11-17 giorni). n_randomizzati da Results, Baseline; dose cumulativa 1500 o 2000 mg secondo Hb e peso (37015198 Table 1)"
EudraCT-2019-004370-26,38347520,FCM,FCM,,1000 d0 + 500 o 1000 a 1 mese,12,10,altro,S4,primaria,,,,,1.09,,iqr,valore-a-tempo,mmol/L,11-17,"Table 4, Phosphate, 2 weeks; Results, Intact FGF23 and phosphate",«A significant difference was observed in phosphate concentration at 2 weeks (FDI: 1.26 (IQR: 1.05–1.66) mmol/L vs. FCM: 1.09 (IQR: 0.94–1.23) mmol/L; p = 0.049)»,fulltext,A,,"mediana (IQR 0.94–1.23); n = pazienti con campione alla visita (Table 4: FCM (10)); giorni da 37015198 Table 4 (visit 4: 11-17 giorni). Mediana più bassa del braccio FCM fra le visite riportate, ma la fonte non la chiama nadir. n_randomizzati da Results, Baseline; dose cumulativa 1500 o 2000 mg secondo Hb e peso (37015198 Table 1)"
EudraCT-2019-004370-26,38347520,FDI,FDI,,1000 d0 + 500 o 1000 a 1 mese,14,12,altro,S4,primaria,,,,,1.18,,iqr,valore-a-tempo,mmol/L,25-35,"Table 4, Phosphate, 1 month (2nd infusion)",«1 month (2nd infusion) | FDI (12) | 1.18 (1.07–1.57) mmol/L | 0.449»,fulltext,A,,"mediana (IQR 1.07–1.57); n = pazienti con campione alla visita; giorni da 37015198 Table 4 (visit 5: 25-35 giorni, seconda infusione). n_randomizzati da Results, Baseline; dose cumulativa 1500 o 2000 mg secondo Hb e peso (37015198 Table 1)"
EudraCT-2019-004370-26,38347520,FCM,FCM,,1000 d0 + 500 o 1000 a 1 mese,12,11,altro,S4,primaria,,,,,1.14,,iqr,valore-a-tempo,mmol/L,25-35,"Table 4, Phosphate, 1 month (2nd infusion)",«FCM (11) | 1.14 (0.95–1.31) mmol/L»,fulltext,A,,"mediana (IQR 0.95–1.31); p FDI vs FCM 0.449; n = pazienti con campione alla visita; giorni da 37015198 Table 4 (visit 5: 25-35 giorni). n_randomizzati da Results, Baseline; dose cumulativa 1500 o 2000 mg secondo Hb e peso (37015198 Table 1)"
EudraCT-2019-004370-26,38347520,FDI,FDI,,1000 d0 + 500 o 1000 a 1 mese,14,9,altro,S4,primaria,,,,,1.23,,iqr,valore-a-tempo,mmol/L,26-37,"Table 4, Phosphate, 1–2 days post 2nd infusion",«1–2 days post 2nd infusion | FDI (9) | 1.23 (1.15–1.66) mmol/L | 0.065»,fulltext,A,,"mediana (IQR 1.15–1.66); misura dopo la seconda dose (ricevuta da 10 FDI secondo 37884522); n = pazienti con campione alla visita; giorni da 37015198 Table 4 (visit 6: 26-37 giorni dopo visit 2). n_randomizzati da Results, Baseline; dose cumulativa 1500 o 2000 mg secondo Hb e peso (37015198 Table 1)"
EudraCT-2019-004370-26,38347520,FCM,FCM,,1000 d0 + 500 o 1000 a 1 mese,12,10,altro,S4,primaria,,,,,1.11,,iqr,valore-a-tempo,mmol/L,26-37,"Table 4, Phosphate, 1–2 days post 2nd infusion",«FCM (10) | 1.11 (0.91–1.36) mmol/L»,fulltext,A,,"mediana (IQR 0.91–1.36); p FDI vs FCM 0.065; misura dopo la seconda dose (ricevuta da 11 FCM secondo 37884522); n = pazienti con campione alla visita; giorni da 37015198 Table 4 (visit 6: 26-37 giorni). n_randomizzati da Results, Baseline; dose cumulativa 1500 o 2000 mg secondo Hb e peso (37015198 Table 1)"
EudraCT-2019-004370-26,38347520,FDI,FDI,,1000 d0 + 500 o 1000 a 1 mese,14,13,altro,S4,estesa,,,,,1.33,,iqr,valore-a-tempo,mmol/L,53-60,"Table 4, Phosphate, 2 months",«2 months | FDI (13) | 1.33 (1.13–1.67) mmol/L | 0.057 | Within FDI: 0.278»,fulltext,A,,"mediana (IQR 1.13–1.67); n = pazienti con campione alla visita; giorni da 37015198 Table 4 (visit 7: 53-60 giorni). n_randomizzati da Results, Baseline; dose cumulativa 1500 o 2000 mg secondo Hb e peso (37015198 Table 1)"
EudraCT-2019-004370-26,38347520,FCM,FCM,,1000 d0 + 500 o 1000 a 1 mese,12,10,altro,S4,estesa,,,,,1.13,,iqr,valore-a-tempo,mmol/L,53-60,"Table 4, Phosphate, 2 months",«FCM (10) | 1.13 (1.00–1.22) mmol/L | Within FCM: 0.129»,fulltext,A,,"mediana (IQR 1.00–1.22); p FDI vs FCM 0.057; n = pazienti con campione alla visita; giorni da 37015198 Table 4 (visit 7: 53-60 giorni). n_randomizzati da Results, Baseline; dose cumulativa 1500 o 2000 mg secondo Hb e peso (37015198 Table 1)"
EudraCT-2019-004370-26,37884522,FDI,FDI,,1000 d0 + 500 o 1000 a 1 mese,14,14,itt,P1,estesa,0.65,< 0.65 mmol/L,0,,,,,,,0-60,"Discussion, secondo paragrafo",«Indeed no hypophosphatemia as per protocol was detected (serum phosphate concentration < 0.65 mmol/L).»,fulltext,A,,"affermazione riferita all'intero trial (zero in entrambi i bracci), senza periodo dichiarato in questa fonte; il periodo 0-60 è quello delle misure di fosfato nella primaria 38347520. Analisi secondaria ITT («All randomized participants were included»). n_randomizzati da 37884522 Results, Baseline («Fourteen participants received FDI and 12 received FCM»); dose cumulativa 1500 o 2000 mg secondo Hb e peso (37015198 Table 1); seconda dose ricevuta da 10 FDI"
EudraCT-2019-004370-26,37884522,FCM,FCM,,1000 d0 + 500 o 1000 a 1 mese,12,12,itt,P1,estesa,0.65,< 0.65 mmol/L,0,,,,,,,0-60,"Discussion, secondo paragrafo",«Indeed no hypophosphatemia as per protocol was detected (serum phosphate concentration < 0.65 mmol/L).»,fulltext,A,,"affermazione riferita all'intero trial (zero in entrambi i bracci), senza periodo dichiarato in questa fonte; il periodo 0-60 è quello delle misure di fosfato nella primaria 38347520. Analisi secondaria ITT. n_randomizzati da 37884522 Results, Baseline; dose cumulativa 1500 o 2000 mg secondo Hb e peso (37015198 Table 1); seconda dose ricevuta da 11 FCM"
