esito,finestra,k,partecipanti,rischio_bias,incoerenza,indirettezza,imprecisione,pubblicazione,motivo_rischio_bias,motivo_incoerenza,motivo_indirettezza,motivo_imprecisione,motivo_pubblicazione,certezza,frase,valutatore
P1,estesa,2,123,-1,0,0,-1,0,"Tutto il peso della RD su trial con alcune-preoccupazioni (pesi.csv P1 estesa: PHOSPHARE-IBD 79%, ExplorIRON-CKD 21%; ma-rob2.csv NCT03466983 P1 ed EudraCT-2019-004370-26 P1). Per PHOSPHARE-IBD, nel risultato 0-70 anche D3 alcune-preoccupazioni (nota di consenso), complessivo invariato. [Aggiornato il 2026-09-29 dopo le correzioni approvate dall'utente; punteggio non cambiato.]","Un solo trial con eventi (PHOSPHARE-IBD 6/48 vs 29/49); ExplorIRON-CKD a doppio zero (0/14 vs 0/12) in CKD, dove il rischio di base sembra più basso: I² 0 della RD (risultati.csv P1 estesa principale); nessun contrasto di direzione, non si declassa. [Aggiornato il 2026-09-29 dopo le correzioni approvate dall'utente; punteggio non cambiato.]","Popolazioni IBD e CKD ristrette, che da sole non bastano (guida §2.3); soglia < 2 mg/dL esatta e dosi identiche nei due bracci in entrambi i trial (ma-trial.csv); le finestre 0-70 e 0-60 comprendono la seconda infusione in entrambi i bracci. [Aggiornato il 2026-09-29 dopo le correzioni approvate dall'utente; punteggio non cambiato.]","RD -0,3686 (IC -0,5097 a -0,2275) che non attraversa lo zero (risultati.csv P1 estesa principale), ma 35 eventi totali (6/62 e 29/61) e 123 partecipanti: dimensione informativa ottimale non raggiunta. [Aggiornato il 2026-09-29 dopo le correzioni approvate dall'utente; punteggio non cambiato.]","0 provvisorio: nessun trial concluso registrato senza risultati (IVORY in-attesa, guida §2.5); Embase, CENTRAL e ICTRP non ancora interrogati (ma-ricerca-2026-09-29.md). Nota a margine: entrambi i trial finanziati del tutto o in parte da Pharmacosmos (ma-trial.csv). [Aggiornato il 2026-09-29 dopo le correzioni approvate dall'utente; punteggio non cambiato.]",bassa,"FDI potrebbe ridurre l'incidenza di ipofosfatemia (< 0,65 mmol/L) nel follow-up più lungo rispetto a FCM.",consenso
P1,primaria,4,364,-1,0,0,-1,0,"Tutto il peso del modello principale viene da trial con alcune-preoccupazioni (pesi.csv P1: HOMe aFers 6,7%, PHOSPHARE-IBD 25,8%, IDA04 33,8%, IDA05 33,7%); in PHOSPHARE le preoccupazioni nascono quasi solo dall'analisi per trattamento ricevuto (ma-rob2.csv note). Segnalazione per GRADE: HOMe aFers fermato all'analisi ad interim con possibile sovrastima (ma-rob2.csv NCT02905539 P1), peso 6,7%: non cambia il punteggio. Sensibilità 1 (solo RoB basso) non stimabile (risultati.csv).","Stime tutte nella stessa direzione con IC sovrapposti (trial-singoli.csv P1 primaria: RR da 0,1026 a 0,1633); I² 0, Q p 0,911 (risultati.csv P1 primaria principale). ExplorIRON-CKD a doppio zero (0/14 vs 0/12) è fuori dal RR ma non in contrasto.","Soglia esatta in tutti i trial (sensibilità 3: nessun trial escluso, risultati.csv); popolazioni IDA generica, IBD e sanguinamento uterino, ammesse (guida §2.3). Schemi di dose diversi in IDA04/IDA05 (FDI 1000 mg singola vs FCM 750 mg d0 e d7, ma-trial.csv), ma HOMe aFers e PHOSPHARE-IBD con dosi identiche danno RR simili (0,1026 e 0,1633, trial-singoli.csv): non si declassa.","RR 0,1194 (IC 0,08498-0,1679) lontano da 1 (risultati.csv P1 primaria principale), ma 136 eventi totali (15/200 e 121/190), sotto l'orientamento di 300 eventi della guida §2.4; 364 partecipanti. Scelta conservativa dichiarata: l'IC è lontano da 1, e il −1 dipende solo dal criterio dei 300 eventi della guida §2.4 (con 0 la certezza sarebbe moderata); decisione dell'utente 2026-09-29.","0 provvisorio: nessun trial concluso senza risultati (IVORY in-attesa, guida §2.5); Embase, CENTRAL e ICTRP da eseguire (ma-ricerca-2026-09-29.md). Nota a margine: tutti i trial della stima finanziati da Pharmacosmos (pesi.csv, produttore; sensibilità 4 senza produttore non stimabile, 0 trial, risultati.csv).",bassa,"FDI potrebbe ridurre l'incidenza di ipofosfatemia (< 0,65 mmol/L) entro 35 giorni rispetto a FCM.",consenso
S1,primaria,2,239,-1,0,0,-1,0,"Peso del Peto OR tutto su trial con alcune-preoccupazioni (pesi.csv S1 OR: IDA04 53,7%, IDA05 46,3%), con D2 (analisi per trattamento ricevuto) e D5 (esito post hoc sul registro) (ma-rob2.csv NCT03238911 e NCT03237065 S1). Anche la RD di MH ha tutto il peso su trial con alcune-preoccupazioni (pesi.csv S1 RD).","Peto OR: I² 0, Q p 0,995 (risultati.csv S1 principale OR); zero eventi con FDI in tutti i trial (trial-singoli.csv S1). La RD ha I² 59,3% per il trial a doppio zero NCT03957057, stessa direzione o nullo: non si declassa. [Aggiornato il 2026-09-29 dopo le correzioni approvate dall'utente; punteggio non cambiato.]","Soglia ≤ 1,0 mg/dL esatta nei due trial del Peto OR (sensibilità 3, risultati.csv). Nella RD entra NCT03957057 (soglia 0,34 mmol/L, fosfato misurato solo a 6 settimane, ma-rob2.csv NCT03957057 S1), che pesa il 44,1% (pesi.csv S1 RD) e sposta la RD verso lo zero senza metterne in dubbio la direzione. ExplorIRON-CKD non entra in S1 (soglia 0,30 mmol/L, protocollo §6.4). Schemi di dose FCM 750 mg × 2 vs FDI 1000 mg (ma-trial.csv). [Aggiornato il 2026-09-29 dopo le correzioni approvate dall'utente; punteggio non cambiato.]","Peto OR 0,1131 (IC 0,03712-0,3447) e RD -0,06322 (IC -0,09612 a -0,03032) non attraversano la soglia (risultati.csv S1 principale), ma solo 13 eventi totali (0/217 e 13/210): dimensione informativa ottimale lontana. [Aggiornato il 2026-09-29 dopo le correzioni approvate dall'utente; punteggio non cambiato.]","0 provvisorio: nessun trial concluso senza risultati (IVORY in-attesa, guida §2.5); Embase, CENTRAL e ICTRP da eseguire (ma-ricerca-2026-09-29.md). Nota a margine: i trial con eventi sono finanziati da Pharmacosmos; senza produttore resta solo NCT03957057 a doppio zero (risultati.csv S1 sensibilità 4, non stimabile).",bassa,"FDI potrebbe ridurre l'incidenza di ipofosfatemia grave (≤ 0,32 mmol/L) entro 35 giorni rispetto a FCM.",consenso
S2,estesa,1,26,-1,0,-1,-2,0,"Unico trial ExplorIRON-CKD con alcune-preoccupazioni (D3, D5) (ma-rob2.csv EudraCT-2019-004370-26 S2). Segnalazioni per GRADE dalla nota di consenso: squilibri al basale (scompenso cardiaco 1/14 vs 6/12; età 63,4 vs 73,2) e p discordante fra fonti.","k = 1: incoerenza non valutabile, non si declassa (guida §2.2).","Il dato è un conteggio di episodi di «mild hypophosphatemia» riportati come evento avverso, senza tempo dell'episodio (ma-rob2.csv, S2 ExplorIRON-CKD), non l'incidenza di fosfato < 0,80 mmol/L in qualsiasi misurazione; seconda dose sospesa se fosfato < 0,65 (ma-trial.csv). [discordanza A/B decisa dall'utente il 2026-10-01: giudizio del passaggio A]","RR 0,8571 (IC 0,05981-12,28) che comprende sia 0,5 sia 2, con 2 eventi su 26 partecipanti (trial-singoli.csv S2 estesa).","0 provvisorio: nessun trial concluso senza risultati (IVORY in-attesa, guida §2.5); Embase, CENTRAL e ICTRP da eseguire (ma-ricerca-2026-09-29.md). Nota a margine: finanziamento misto con grant Pharmacosmos (ma-trial.csv).",molto-bassa,"L'evidenza è molto incerta sull'effetto di FDI rispetto a FCM sull'ipofosfatemia a soglia larga (< 0,80 mmol/L) nel follow-up più lungo.",consenso
S2,primaria,1,188,-1,0,-2,-2,0,"Unico trial NCT03957057 con alcune-preoccupazioni in D2, D3 e D5 (ma-rob2.csv NCT03957057 S2), open-label.","k = 1: incoerenza non valutabile, non si declassa (guida §2.2).","Due motivi: fosfato misurato solo a 6 settimane, per cui il dato somiglia a un'ipofosfatemia persistente e non all'incidenza nella finestra (ma-rob2.csv NCT03957057 S2, caso citato dalla guida §2.3); soglia della fonte < 0,83 mmol/L invece di < 0,80 (stessa nota). Popolazione puerperale senza criterio di ferritina (ma-trial.csv).","RR 0,681 (IC 0,1164-3,983) che comprende sia 0,5 sia 2, con 5 eventi (2/93 e 3/95; trial-singoli.csv S2 primaria).","0 provvisorio: nessun trial concluso senza risultati (IVORY in-attesa, guida §2.5); Embase, CENTRAL e ICTRP da eseguire (ma-ricerca-2026-09-29.md). Trial senza finanziamento del produttore (ma-trial.csv NCT03957057).",molto-bassa,"L'evidenza è molto incerta sull'effetto di FDI rispetto a FCM sull'ipofosfatemia a soglia larga (< 0,80 mmol/L) entro la finestra primaria.",consenso
S3,primaria,4,342,-1,0,0,-1,0,"Tutto il peso da trial con alcune-preoccupazioni (pesi.csv S3: IDA04 44,3%, IDA05 46,5%, HOMe aFers 5,7%, PHOSPHARE-IBD 3,5%). HOMe aFers fermato all'analisi ad interim (ma-rob2.csv NCT02905539 S3, «Per GRADE»), peso 5,7%: non cambia il punteggio. Sensibilità 1 non stimabile (risultati.csv).","Tutte le stime a favore di FDI con IC sovrapposti (trial-singoli.csv S3: RR 0,3077, 0,5488, 0,04096; IDA05 0/58 vs 25/56); I² 56,1%, Q p 0,0774 (risultati.csv S3 principale), ma I² alto con effetti dalla stessa parte non basta (guida §2.2). Differenza plausibile: in PHOSPHARE-IBD la misura precede la seconda infusione con dosi uguali.","Definizione < 0,65 mmol/L all'ultima visita della finestra, esatta (sensibilità 3 coincide, risultati.csv). Popolazioni ammesse; schemi di dose diversi in IDA04/IDA05 (ma-trial.csv) ma direzione uguale nei trial a dose identica: non si declassa.","RR MH 0,05484 (IC 0,01751-0,1717) non attraversa 1, ma 57 eventi totali (3/171 e 54/171; risultati.csv S3 principale). Fragilità: REML+HKSJ affiancato 0,1736 (IC 0,005638-5,345) e correzione 0,5 (IC 0,009676-1,33) attraversano 1 (risultati.csv S3).","0 provvisorio: nessun trial concluso senza risultati (IVORY in-attesa, guida §2.5); Embase, CENTRAL e ICTRP da eseguire (ma-ricerca-2026-09-29.md). Nota a margine: tutti i trial finanziati da Pharmacosmos (pesi.csv; sensibilità 4 non stimabile, risultati.csv).",bassa,"FDI potrebbe ridurre l'ipofosfatemia persistente (< 0,65 mmol/L all'ultima visita della finestra primaria) rispetto a FCM.",consenso
S4,primaria,2,231,-1,0,0,-1,0,"Tutto il peso da trial con alcune-preoccupazioni, solo per D2 (analisi per trattamento ricevuto) (pesi.csv S4: IDA04 48,1%, IDA05 51,9%; ma-rob2.csv NCT03238911 e NCT03237065 S4).","I² 0, Q p 0,772 (risultati.csv S4 principale); stessa direzione.","Variazione dal basale al giorno 35 come da deviazione §15 del protocollo; popolazione IDA generica. Schemi di dose diversi (FDI 1000 mg singola vs FCM 750 mg d0 e d7, ma-trial.csv): segnalato, non declassato. Esito di laboratorio, non surrogato (guida §2.3).","MD 0,3645 mmol/L (IC 0,2415-0,4875) non attraversa 0 (risultati.csv S4 principale), ma 231 partecipanti, sotto l'orientamento di 400 per i continui (guida §2.4).","0 provvisorio: nessun trial concluso senza risultati (IVORY in-attesa, guida §2.5); Embase, CENTRAL e ICTRP da eseguire (ma-ricerca-2026-09-29.md). Nota a margine: entrambi i trial finanziati da Pharmacosmos (pesi.csv).",bassa,FDI potrebbe comportare un calo del fosfato sierico dal basale al giorno 35 minore rispetto a FCM.,consenso
S6,estesa,2,377,-2,0,-1,-2,0,"Per numerosità, 280 dei 377 partecipanti vengono da CTRI/2023/1/048725 ad alto rischio (D1 alto, incoerenze interne; ma-rob2.csv CTRI/2023/1/048725 S6); PHOSPHARE-IBD alcune-preoccupazioni (trial-singoli.csv S6 estesa).",Un trial a doppio zero e uno con 0/48 vs 1/49 (trial-singoli.csv S6 estesa): nessuna direzione in contrasto; incoerenza di fatto non valutabile.,"Definizioni diverse dal protocollo S6: in CTRI/2023 «S6 limitato alle reazioni serie» senza criteri; in PHOSPHARE-IBD SAE con termine Hypersensitivity, senza l'endpoint prespecificato su HSR serie o severe (ma-rob2.csv note). [discordanza A/B decisa dall'utente il 2026-10-01: giudizio del passaggio A]","1 evento totale su 377 partecipanti (risultati.csv S6 estesa principale): esito a zero eventi o quasi, -2 di regola (guida §2.4).","0 provvisorio: nessun trial concluso senza risultati (IVORY in-attesa, guida §2.5); Embase, CENTRAL e ICTRP da eseguire (ma-ricerca-2026-09-29.md).",molto-bassa,L'evidenza è molto incerta sull'effetto di FDI rispetto a FCM sull'ipersensibilità grave nel follow-up più lungo.,consenso
S6,primaria,3,3147,-1,0,-1,-2,0,"Tutto il peso del MH da trial con alcune-preoccupazioni (pesi.csv S6: IDA05 67,6%, RAPIDIRON 32,4%, IDA04 0%). Punti fragili: in IDA04 e IDA05 la risposta 4.5, con un solo evento riclassificato la stima cambia (ma-rob2.csv NCT03238911 e NCT03237065 S6); in RAPIDIRON l'unica anafilassi del testo non è attribuita a un braccio e CT.gov riporta masking NONE (ma-rob2.csv CTRI/2020/09/027730 S6). Il trial ad alto rischio (DOI IJRCOG) entra solo nella RD.","Eventi 1/63 vs 0/60 (IDA04), 0/62 vs 2/57 (IDA05), 0/1454 vs 1/1451 (RAPIDIRON) (trial-singoli.csv S6 primaria): direzioni diverse ma con 4 eventi e IC ampiamente sovrapposti; Q p 0,374 (risultati.csv).","La definizione delle fonti non è verificabile contro S6: criteri di gravità del protocollo non nel vault per IDA04 e IDA05, «Infusion-related SAE» senza criteri NIAID/WAO/Ring-Messmer in RAPIDIRON (ma-rob2.csv note), cioè nei trial che portano tutto il peso.","RR 0,3162 (IC 0,03306-3,025) che comprende sia 0,5 sia 2, con 4 eventi (1/1708 e 3/1697; risultati.csv S6 primaria principale); esito a quasi zero eventi, -2 di regola (guida §2.4).","0 provvisorio: nessun trial concluso senza risultati (IVORY in-attesa, guida §2.5); Embase, CENTRAL e ICTRP da eseguire (ma-ricerca-2026-09-29.md). Finanziamento misto fra i trial (pesi.csv: Pharmacosmos per IDA04/IDA05, nessun produttore per RAPIDIRON).",molto-bassa,L'evidenza è molto incerta sull'effetto di FDI rispetto a FCM sull'ipersensibilità grave entro la finestra primaria.,consenso
S7,primaria,2,3105,-1,-2,-1,0,0,"Entrambi i trial alcune-preoccupazioni (ma-rob2.csv NCT03957057 S7 e CTRI/2020/09/027730 S7); per numerosità pesa RAPIDIRON (2905 dei 3105), con cieco fra bracci EV dichiarato ma non verificato e esito non registrato (5.1 NI). In NCT03957057 la risposta 4.5 è fragile: con NI il complessivo sarebbe alto.","Direzioni opposte e IC non sovrapposti: RR 0,25 (IC 0,02844-2,198) in NCT03957057 e 4,847 (IC 3,787-6,204) in RAPIDIRON (trial-singoli.csv S7), con incoerenza che riguarda il trial di peso maggiore; la spiegazione per definizione diversa è plausibile ma post hoc (risultati.csv S7, nota; protocollo §15). [discordanza A/B decisa dall'utente il 2026-10-01: giudizio del passaggio B]",Definizioni diverse fra loro e dalla SMQ Hypersensitivity ampia del protocollo: reazione di Fishbane e orticaria/prurito contro «infusion-related reaction probably/highly probably related» (risultati.csv S7 nota; ma-rob2.csv note).,"Nessuna stima aggregata. RAPIDIRON, che porta quasi tutti i partecipanti, ha IC lontano da 1 con 340/1454 vs 70/1451 eventi; l'incertezza residua deriva dall'incoerenza fra i trial, già contata: non si declassa due volte. [discordanza A/B decisa dall'utente il 2026-10-01: giudizio del passaggio A]","0 provvisorio: nessun trial concluso senza risultati (IVORY in-attesa, guida §2.5); Embase, CENTRAL e ICTRP da eseguire (ma-ricerca-2026-09-29.md). Nessuno dei due trial finanziato dal produttore (ma-trial.csv).",molto-bassa,L'evidenza è molto incerta sull'effetto di FDI rispetto a FCM sulle reazioni di ipersensibilità o infusionali di qualsiasi gravità.,consenso
S8b,estesa,2,377,-2,0,0,-2,0,"Per numerosità, 280 dei 377 partecipanti vengono da CTRI/2023/1/048725 ad alto rischio (D1 alto, zero dedotto dall'assenza di qualsiasi SAE, S8a prespecificato non riportato; ma-rob2.csv CTRI/2023/1/048725 S8b); PHOSPHARE-IBD alcune-preoccupazioni.","Doppio zero in CTRI e 1/48 vs 1/49 in PHOSPHARE-IBD, RR 1,021 (trial-singoli.csv S8b estesa): nessun contrasto.","SAE delle SOC Cardiac e Vascular disorders come da protocollo §6.2 (b); in CTRI lo zero non viene da un elenco per SOC (ma-rob2.csv), ma copre ogni SAE. Finestre 0-70 e 0-168 senza stima aggregata.","2 eventi totali su 377 partecipanti; RR di PHOSPHARE-IBD 1,021 (IC 0,06571-15,86) (trial-singoli.csv S8b estesa): esito a quasi zero eventi, -2 di regola (guida §2.4). Aggiornamento 2026-09-29 (correzione della regola di aggregazione al protocollo §11, approvata dall'utente): RD aggregata di Mantel-Haenszel 0,0001 (IC −0,014 a 0,015), 2 trial, 377 partecipanti (risultati.csv S8b estesa principale): l'IC comprende effetti in entrambe le direzioni; il punteggio non cambia.","0 provvisorio: nessun trial concluso senza risultati (IVORY in-attesa, guida §2.5); Embase, CENTRAL e ICTRP da eseguire (ma-ricerca-2026-09-29.md).",molto-bassa,L'evidenza è molto incerta sull'effetto di FDI rispetto a FCM sugli eventi avversi seri cardiaci e vascolari nel follow-up più lungo.,consenso
S8b,primaria,2,242,-1,0,0,-2,0,"Entrambi i trial alcune-preoccupazioni (D2, D4 open-label senza aggiudicazione in cieco) (ma-rob2.csv NCT03238911 e NCT03237065 S8b); lo zero in entrambi i bracci non è sensibile a riclassificazioni (nota di consenso IDA05).",Zero eventi in tutti i bracci (trial-singoli.csv S8b primaria): incoerenza non valutabile.,"Zeri dedotti dall'elenco completo degli SAE del registro per SOC Cardiac e Vascular disorders (ma-rob2.csv note), coerenti con S8 (b); follow-up di 35 giorni (ma-trial.csv), da segnalare per esiti cardiovascolari ma senza declassare.","0 eventi su 242 partecipanti (risultati.csv S8b primaria principale): l'assenza di eventi non dimostra l'assenza di effetto, -2 di regola (guida §2.4).","0 provvisorio: nessun trial concluso senza risultati (IVORY in-attesa, guida §2.5); Embase, CENTRAL e ICTRP da eseguire (ma-ricerca-2026-09-29.md). Nota a margine: entrambi i trial finanziati da Pharmacosmos (ma-trial.csv).",molto-bassa,L'evidenza è molto incerta sull'effetto di FDI rispetto a FCM sugli eventi avversi seri cardiaci e vascolari entro la finestra primaria.,consenso
