trial_id,pmid,braccio,farmaco,dose_totale_mg,schema,n_randomizzati,n_analizzati,popolazione_analisi,esito,finestra,soglia_mmol_l,soglia_testo,n_eventi,percentuale,media,ds,tipo_dispersione,misura_continua,unita,tempo_misura_giorni,pagina_o_tabella,citazione,fonte_dato,estrattore,usa_in_analisi,note
NCT03466983,36343979,FDI,FDI,,1000 d0 + 500 o 1000 d35,49,48,safety,P1,primaria,0.65,<2.0 mg/dL,4,,,,,,,0-35,"Results, paragrafo dopo Table 1 (rinvio a Figure 2A e online supplemental table S2)",«was 8.3% (n=4/48) in the FDI group and 51.0% (n=25/49) in the FCM group»,fulltext,consenso,si,"dose nella finestra 0-35: 1000 mg a d0 pianificati (2 pazienti FDI con infusione interrotta per infusion reaction). 2 FDI senza osservazioni post-basale imputati come ipofosfatemici (SAP); analisi di sensibilità in Suppl. Table S3. n_randomizzati 49 dall'abstract («97 (49 FDI, 48 FCM)») e da Figure 1 nota b (1 randomizzato FDI ha ricevuto FCM): vedi note trial; dose cumulativa 1500 o 2000 mg secondo Hb e peso; verificato sul testo dall'utente il 2026-09-29"
NCT03466983,36343979,FCM,FCM,,1000 d0 + 500 o 1000 d35,48,49,safety,P1,primaria,0.65,<2.0 mg/dL,25,,,,,,,0-35,"Results, paragrafo dopo Table 1 (rinvio a Figure 2A e online supplemental table S2)",«was 8.3% (n=4/48) in the FDI group and 51.0% (n=25/49) in the FCM group»,fulltext,consenso,si,dose nella finestra 0-35: 1000 mg a d0. 1 FCM senza osservazioni post-basale imputato come ipofosfatemico (SAP). Il safety set FCM (49) include 1 paziente randomizzato a FDI che ha ricevuto FCM; dose cumulativa 1500 o 2000 mg secondo Hb e peso; verificato sul testo dall'utente il 2026-09-29
NCT03466983,36343979,FDI,FDI,,1000 d0 + 500 o 1000 d35,49,48,safety,P1,estesa,0.65,<2.0 mg/dL,6,,,,,,,0-70,"Results, paragrafo dopo Figure 2 (rinvio a online supplemental table S2)",«from baseline to Day 70 (secondary safety endpoint) were 12.5% (n=6/48) for FDI and 59.2% (n=29/49) for FCM»,fulltext,consenso,si,"dose cumulativa 1500 o 2000 mg secondo Hb e peso; a d35 FDI: 9/48 1000 mg, 32/48 500 mg, 7/48 nessuna seconda dose. Imputazione dei pazienti senza dati post-basale come ipofosfatemici; verificato sul testo dall'utente il 2026-09-29"
NCT03466983,36343979,FCM,FCM,,1000 d0 + 500 o 1000 d35,48,49,safety,P1,estesa,0.65,<2.0 mg/dL,29,,,,,,,0-70,"Results, paragrafo dopo Figure 2 (rinvio a online supplemental table S2)",«from baseline to Day 70 (secondary safety endpoint) were 12.5% (n=6/48) for FDI and 59.2% (n=29/49) for FCM»,fulltext,consenso,si,"dose cumulativa 1500 o 2000 mg secondo Hb e peso; a d35 FCM: 11/49 1000 mg, 34/49 500 mg, 4/49 nessuna seconda dose. Imputazione dei pazienti senza dati post-basale come ipofosfatemici; verificato sul testo dall'utente il 2026-09-29"
NCT03466983,36343979,FDI,FDI,,1000 d0 + 500 o 1000 d35,49,48,safety,S6,estesa,,,0,,,,,,,0-70,"Table 2, sezione Any SAE",«Hypersensitivity | 0 (0.0%) | 1 (2.0%)»,fulltext,consenso,si,"SAE con termine Hypersensitivity nella lista degli SAE di Table 2 (termine MedDRA presumibile, non dichiarato nel testo); nessun criterio NIAID/WAO/Ring-Messmer dichiarato; periodo AE per tutto il trial; dose cumulativa 1500 o 2000 mg secondo Hb e peso; verificato sul testo dall'utente il 2026-09-29"
NCT03466983,36343979,FCM,FCM,,1000 d0 + 500 o 1000 d35,48,49,safety,S6,estesa,,,1,,,,,,,0-70,"Table 2, sezione Any SAE",«Hypersensitivity | 0 (0.0%) | 1 (2.0%)»,fulltext,consenso,si,"SAE con termine Hypersensitivity nella lista degli SAE di Table 2 (termine MedDRA presumibile, non dichiarato nel testo); nessun criterio NIAID/WAO/Ring-Messmer dichiarato; periodo AE per tutto il trial; dose cumulativa 1500 o 2000 mg secondo Hb e peso; verificato sul testo dall'utente il 2026-09-29"
NCT03466983,36343979,FDI,FDI,,1000 d0 + 500 o 1000 d35,49,48,safety,S7,primaria,,,2,,,,,,,0,"Results, paragrafo dopo Table 1",«except for two patients in the FDI group for whom the infusion had to be stopped due to infusion reactions (non-serious; drop in blood pressure in both patients)»,fulltext,consenso,no,"termine della fonte: infusion reactions (non-serious; drop in blood pressure) che hanno portato all'interruzione della prima infusione. Nessun conteggio FCM di reazioni infusionali: il testo dice solo che tutti gli altri pazienti hanno ricevuto la prima infusione completa, quindi nessuna riga FCM (il silenzio non è uno zero); dose cumulativa 1500 o 2000 mg secondo Hb e peso"
NCT03466983,EUCTR-2017-002452-87,"Group A, iron isomaltoside",FDI,,1000 d0 + 500 o 1000 d35,49,48,safety,P1,primaria,0.65,<2 mg/dL,4,,,,,,,0-35,"Results, End points, Primary: 1_Hypophosphatemia ( s-phosphate <2 mg/dL)",«Number of subjects analysed 48 [1] 49 [2] Units: Subjects Subjects with hypophosphatemia 4 25 Notes [1] - Safety analysis set»,registro,consenso,no,n_randomizzati da Subject disposition «Started 49 48»; endpoint nel safety analysis set; dose cumulativa 1500 o 2000 mg secondo Hb e peso
NCT03466983,EUCTR-2017-002452-87,"Group B, ferric carboxymaltose",FCM,,1000 d0 + 500 o 1000 d35,48,49,safety,P1,primaria,0.65,<2 mg/dL,25,,,,,,,0-35,"Results, End points, Primary: 1_Hypophosphatemia ( s-phosphate <2 mg/dL)",«Number of subjects analysed 48 [1] 49 [2] Units: Subjects Subjects with hypophosphatemia 4 25 Notes [1] - Safety analysis set»,registro,consenso,no,n_randomizzati da Subject disposition «Started 49 48»; endpoint nel safety analysis set; dose cumulativa 1500 o 2000 mg secondo Hb e peso
NCT03466983,EUCTR-2017-002452-87,"Group A, iron isomaltoside",FDI,,1000 d0 + 500 o 1000 d35,49,48,safety,S6,estesa,,,0,,,,,,,0-70,"Results, Adverse events, Serious adverse events, Immune system disorders",«Immune system disorders Hypersensitivity subjects affected / exposed 0 / 48 (0.00%) 1 / 49 (2.04%)»,registro,consenso,no,"SAE, MedDRA 20.1 PT Hypersensitivity (SOC Immune system disorders); nessun criterio di gravità NIAID/WAO dichiarato; periodo AE dalla firma dell'ICF al completamento del trial; dose cumulativa 1500 o 2000 mg secondo Hb e peso"
NCT03466983,EUCTR-2017-002452-87,"Group B, ferric carboxymaltose",FCM,,1000 d0 + 500 o 1000 d35,48,49,safety,S6,estesa,,,1,,,,,,,0-70,"Results, Adverse events, Serious adverse events, Immune system disorders",«Immune system disorders Hypersensitivity subjects affected / exposed 0 / 48 (0.00%) 1 / 49 (2.04%)»,registro,consenso,no,"SAE, MedDRA 20.1 PT Hypersensitivity (SOC Immune system disorders); causally related 0/1 per FCM; periodo AE dalla firma dell'ICF al completamento del trial; dose cumulativa 1500 o 2000 mg secondo Hb e peso"
NCT03466983,EUCTR-2017-002452-87,"Group A, iron isomaltoside",FDI,,1000 d0 + 500 o 1000 d35,49,48,safety,S8b,estesa,,,1,,,,,,,0-70,"Results, Adverse events, Serious adverse events, Vascular disorders",«Vascular disorders Deep vein thrombosis subjects affected / exposed 1 / 48 (2.08%) 0 / 49 (0.00%)»,registro,consenso,si,"SOC Vascular disorders. Il registro dà subjects affected per PT, non per SOC: nella SOC FDI ha DVT 1/48 e Intermittent claudication 0/48, quindi un solo PT non nullo. SOC Cardiac disorders non elencata negli SAE: nessuna riga (silenzio); dose cumulativa 1500 o 2000 mg secondo Hb e peso; verificato sul testo dall'utente il 2026-09-29"
NCT03466983,EUCTR-2017-002452-87,"Group B, ferric carboxymaltose",FCM,,1000 d0 + 500 o 1000 d35,48,49,safety,S8b,estesa,,,1,,,,,,,0-70,"Results, Adverse events, Serious adverse events, Vascular disorders",«Intermittent claudication subjects affected / exposed 0 / 48 (0.00%) 1 / 49 (2.04%)»,registro,consenso,si,"SOC Vascular disorders. Il registro dà subjects affected per PT, non per SOC: nella SOC FCM ha Intermittent claudication 1/49 e DVT 0/49, quindi un solo PT non nullo. SOC Cardiac disorders non elencata negli SAE: nessuna riga (silenzio); dose cumulativa 1500 o 2000 mg secondo Hb e peso; verificato sul testo dall'utente il 2026-09-29"
NCT03466983,DOI-10.1093_ecco-jcc_jjab073.128,FDI,FDI,,1000 d0 + 500 o 1000 settimana 5,49,48,safety,P1,primaria,0.65,<2.0mg/dL,,8.3,,,,,,0-35,"ECCO 2021 abstract DOP89, p. S121, Results",«48 received FDI and 49 FCM. The incidence of hypophosphatemia was significantly lower for FDI than FCM (8.3% vs. 51.0%; p<0.0001)»,abstract,consenso,no,"solo percentuale, numeratore non riportato; n_analizzati = pazienti che hanno ricevuto FDI («48 received FDI»); finestra «from baseline to Week 5»; dose cumulativa 1500 o 2000 mg secondo Hb e peso"
NCT03466983,DOI-10.1093_ecco-jcc_jjab073.128,FCM,FCM,,1000 d0 + 500 o 1000 settimana 5,48,49,safety,P1,primaria,0.65,<2.0mg/dL,,51.0,,,,,,0-35,"ECCO 2021 abstract DOP89, p. S121, Results",«48 received FDI and 49 FCM. The incidence of hypophosphatemia was significantly lower for FDI than FCM (8.3% vs. 51.0%; p<0.0001)»,abstract,consenso,no,"solo percentuale, numeratore non riportato; n_analizzati = pazienti che hanno ricevuto FCM («49 FCM»); finestra «from baseline to Week 5»; dose cumulativa 1500 o 2000 mg secondo Hb e peso"
NCT03466983,DOI-10.1093_ecco-jcc_jjab073.128,FDI,FDI,,1000 d0 + 500 o 1000 settimana 5,49,,altro,S4,primaria,,,,,-0.49,,,variazione-da-basale,mg/dL,7,"ECCO 2021 abstract DOP89, p. S121, Results","«s-phosphate decreased less with FDI than FCM, with a nadir at Week 1 (FDI, -0.49mg/dL; FCM, -1.33mg/dL; p<0.0001)»",abstract,consenso,no,"least squares mean change from baseline dopo la prima dose, al nadir (Week 1); nessuna misura di dispersione né n per braccio riportati; dose cumulativa 1500 o 2000 mg secondo Hb e peso"
NCT03466983,DOI-10.1093_ecco-jcc_jjab073.128,FCM,FCM,,1000 d0 + 500 o 1000 settimana 5,48,,altro,S4,primaria,,,,,-1.33,,,variazione-da-basale,mg/dL,7,"ECCO 2021 abstract DOP89, p. S121, Results","«s-phosphate decreased less with FDI than FCM, with a nadir at Week 1 (FDI, -0.49mg/dL; FCM, -1.33mg/dL; p<0.0001)»",abstract,consenso,no,"least squares mean change from baseline dopo la prima dose, al nadir (Week 1); nessuna misura di dispersione né n per braccio riportati; dose cumulativa 1500 o 2000 mg secondo Hb e peso"
NCT03466983,36343979,FDI,FDI,,1000 d0 + 500 o 1000 d35,49,48,safety,P1,primaria,0.65,<2.0 mg/dL,4,,,,,,,0-35,Suppl. Table S2 (p. 4),"«Incidence of hypophosphataemia at any time from baseline to Day 35a | 4 (8.3%) | 25 (51.0%) | -42.8% (-57.1, -24.6)»",supplementare,consenso,no,FDI N=48 safety analysis set; 2 FDI senza osservazione post-basale imputati come ipofosfatemici; RD aggiustata CMH con IC di Newcombe; dose cumulativa 1500 o 2000 mg secondo Hb e peso
NCT03466983,36343979,FCM,FCM,,1000 d0 + 500 o 1000 d35,48,49,safety,P1,primaria,0.65,<2.0 mg/dL,25,,,,,,,0-35,Suppl. Table S2 (p. 4),"«Incidence of hypophosphataemia at any time from baseline to Day 35a | 4 (8.3%) | 25 (51.0%) | -42.8% (-57.1, -24.6)»",supplementare,consenso,no,FCM N=49 safety analysis set; 1 FCM senza osservazione post-basale imputato come ipofosfatemico; dose cumulativa 1500 o 2000 mg secondo Hb e peso
NCT03466983,36343979,FDI,FDI,,1000 d0 + 500 o 1000 d35,49,48,safety,P1,estesa,0.65,<2.0 mg/dL,6,,,,,,,0-70,Suppl. Table S2 (p. 4),"«At any time from baseline to Day 70a | 6 (12.5%) | 29 (59.2%) | -46.6% (-60.9, -28.1)»",supplementare,consenso,no,FDI N=48 safety analysis set; dose cumulativa 1500 o 2000 mg secondo Hb e peso
NCT03466983,36343979,FCM,FCM,,1000 d0 + 500 o 1000 d35,48,49,safety,P1,estesa,0.65,<2.0 mg/dL,29,,,,,,,0-70,Suppl. Table S2 (p. 4),"«At any time from baseline to Day 70a | 6 (12.5%) | 29 (59.2%) | -46.6% (-60.9, -28.1)»",supplementare,consenso,no,FCM N=49 safety analysis set; dose cumulativa 1500 o 2000 mg secondo Hb e peso
NCT03466983,36343979,FDI,FDI,,1000 d0 + 500 o 1000 d35,49,41,altro,S3,primaria,0.65,<2.0 mg/dL,1,,,,,,,35,Suppl. Table S2 (p. 4),"«At Day 35a | 1 (2.4%) (n=41) | 2 (4.4%) (n=45) | -2.0% (-14.2, 10.5)»",supplementare,consenso,si,"incidenza puntuale alla visita del giorno 35 (ultima visita della finestra primaria, prima della seconda infusione); n = pazienti del safety set con osservazione a quella visita; dose cumulativa 1500 o 2000 mg secondo Hb e peso; verificato sul testo dall'utente il 2026-09-29"
NCT03466983,36343979,FCM,FCM,,1000 d0 + 500 o 1000 d35,48,45,altro,S3,primaria,0.65,<2.0 mg/dL,2,,,,,,,35,Suppl. Table S2 (p. 4),"«At Day 35a | 1 (2.4%) (n=41) | 2 (4.4%) (n=45) | -2.0% (-14.2, 10.5)»",supplementare,consenso,si,"incidenza puntuale alla visita del giorno 35 (ultima visita della finestra primaria, prima della seconda infusione); n = pazienti del safety set con osservazione a quella visita; dose cumulativa 1500 o 2000 mg secondo Hb e peso; verificato sul testo dall'utente il 2026-09-29"
NCT03466983,36343979,FDI,FDI,,1000 d0 + 500 o 1000 d35,49,44,altro,S3,estesa,0.65,<2.0 mg/dL,0,,,,,,,70,Suppl. Table S2 (p. 4),"«At Day 70b | 0 (0.0%) (n=44) | 2 (4.7%) (n=43) | -4.7% (-10.9, 1.6)»",supplementare,consenso,no,"incidenza puntuale all'ultima visita del trial (giorno 70, 35 giorni dopo la seconda infusione); n = pazienti con osservazione; RD non aggiustata con IC di Wald; dose cumulativa 1500 o 2000 mg secondo Hb e peso"
NCT03466983,36343979,FCM,FCM,,1000 d0 + 500 o 1000 d35,48,43,altro,S3,estesa,0.65,<2.0 mg/dL,2,,,,,,,70,Suppl. Table S2 (p. 4),"«At Day 70b | 0 (0.0%) (n=44) | 2 (4.7%) (n=43) | -4.7% (-10.9, 1.6)»",supplementare,consenso,no,"incidenza puntuale all'ultima visita del trial (giorno 70, 35 giorni dopo la seconda infusione); n = pazienti con osservazione; RD non aggiustata con IC di Wald; dose cumulativa 1500 o 2000 mg secondo Hb e peso"
NCT03466983,36343979,FDI,FDI,,1000 d0 + 500 o 1000 d35,49,48,safety,P1,primaria,0.65,<2.0 mg/dL,2,,,,,,,0-35,Suppl. Table S3 (p. 5),«Post hoc analysis 1: Imputes loss to follow-up as hypophosphataemia absent | 2/48 (4.2%) | 24/49 (49.0%)»,supplementare,consenso,no,"sensibilità: post hoc analysis 1, pazienti persi al follow-up imputati come senza ipofosfatemia (2/48 FDI senza fosfato post-basale); dose cumulativa 1500 o 2000 mg secondo Hb e peso"
NCT03466983,36343979,FCM,FCM,,1000 d0 + 500 o 1000 d35,48,49,safety,P1,primaria,0.65,<2.0 mg/dL,24,,,,,,,0-35,Suppl. Table S3 (p. 5),«Post hoc analysis 1: Imputes loss to follow-up as hypophosphataemia absent | 2/48 (4.2%) | 24/49 (49.0%)»,supplementare,consenso,no,"sensibilità: post hoc analysis 1, pazienti persi al follow-up imputati come senza ipofosfatemia (1/49 FCM senza fosfato post-basale); dose cumulativa 1500 o 2000 mg secondo Hb e peso"
NCT03466983,36343979,FDI,FDI,,1000 d0 + 500 o 1000 d35,49,46,altro,P1,primaria,0.65,<2.0 mg/dL,2,,,,,,,0-35,Suppl. Table S3 (p. 5),«Post hoc analysis 2: Excludes patients lost to follow-up | 2/46 (4.3%) | 24/48 (50.0%)»,supplementare,consenso,no,"sensibilità: post hoc analysis 2, esclusi i pazienti persi al follow-up (safety set meno 2 FDI senza fosfato post-basale); dose cumulativa 1500 o 2000 mg secondo Hb e peso"
NCT03466983,36343979,FCM,FCM,,1000 d0 + 500 o 1000 d35,48,48,altro,P1,primaria,0.65,<2.0 mg/dL,24,,,,,,,0-35,Suppl. Table S3 (p. 5),«Post hoc analysis 2: Excludes patients lost to follow-up | 2/46 (4.3%) | 24/48 (50.0%)»,supplementare,consenso,no,"sensibilità: post hoc analysis 2, esclusi i pazienti persi al follow-up (safety set meno 1 FCM senza fosfato post-basale); dose cumulativa 1500 o 2000 mg secondo Hb e peso"
NCT03238911,32016310,Iron isomaltoside,FDI,1000,1000 d0,62,63,safety,P1,primaria,0.65,<2.0 mg/dL,5,,,,,,,0-35,"Figure 2A, colonna Any Postbaseline (p. 438)","«A Hypophosphatemia in trial A … Patients, No./total No. … Iron isomaltoside 5/63»",fulltext,consenso,si,"safety analysis set (almeno 1 dose): FDI 63 include 1 paziente randomizzato a FCM trattato con FDI per errore (Figure 1 nota b); pazienti senza fosfato post-basale imputati <2.0 mg/dL (n = 3 nei due trial, quota del trial A non riportata); testo p. 435: «trial A: 7.9% vs 75.0%»; verificato sul PDF; n_randomizzati 62 da Figure 1A; verificato sul testo dall'utente il 2026-09-29"
NCT03238911,32016310,Ferric carboxymaltose,FCM,1500,750 d0 + 750 d7,61,60,safety,P1,primaria,0.65,<2.0 mg/dL,45,,,,,,,0-35,"Figure 2A, colonna Any Postbaseline (p. 438)","«A Hypophosphatemia in trial A … Patients, No./total No. Ferric carboxymaltose 45/60»",fulltext,consenso,si,"safety analysis set: FCM 60 (1 randomizzato a FCM ha ricevuto FDI); pazienti senza fosfato post-basale imputati <2.0 mg/dL (n = 3 nei due trial, quota del trial A non riportata); RD aggiustata -67.0% (IC 95% -77.4 a -51.5); verificato sul PDF; n_randomizzati 61 da Figure 1A; verificato sul testo dall'utente il 2026-09-29"
NCT03238911,32016310,Iron isomaltoside,FDI,1000,1000 d0,62,59,altro,S3,primaria,0.65,<2.0 mg/dL,1,,,,,,,35,"Figure 2A, colonna Day 35 (p. 438)",«Day 35 … Ferric carboxymaltose 24/58 … Iron isomaltoside 1/59»,fulltext,consenso,si,prevalenza puntuale alla visita del giorno 35 (ultima visita del trial e della finestra primaria); denominatore = pazienti del safety set con fosfato a d35; verificato sul PDF; n_randomizzati 62 da Figure 1A; il registro indica «Safety analysis set» ma il denominatore è quello dei pazienti misurati alla visita; verificato sul testo dall'utente il 2026-09-29
NCT03238911,32016310,Ferric carboxymaltose,FCM,1500,750 d0 + 750 d7,61,58,altro,S3,primaria,0.65,<2.0 mg/dL,24,,,,,,,35,"Figure 2A, colonna Day 35 (p. 438)",«Day 35 … Ferric carboxymaltose 24/58 … Iron isomaltoside 1/59»,fulltext,consenso,si,prevalenza puntuale alla visita del giorno 35 (ultima visita del trial e della finestra primaria); denominatore = pazienti del safety set con fosfato a d35; verificato sul PDF; n_randomizzati 61 da Figure 1A; il registro indica «Safety analysis set» ma il denominatore è quello dei pazienti misurati alla visita; verificato sul testo dall'utente il 2026-09-29
NCT03238911,NCT03238911,Iron Isomaltoside/Ferric Derisomaltose,FDI,1000,1000 d0,62,63,safety,P1,primaria,0.65,<2 mg/dL,5,,,,,,,0-35,resultsSection.outcomeMeasuresModule.outcomeMeasures[0],«Incidence of Hypophosphatemia (S-phosphate Level <2 mg/dL) … denoms OG000 63 OG001 60 … OG000 5 OG001 45»,registro,consenso,no,PRIMARY; populationDescription: Safety analysis set (almeno una dose); timeFrame Baseline to day 35; n_randomizzati da participantFlowModule STARTED 62/61
NCT03238911,NCT03238911,Ferric Carboxymaltose,FCM,1500,750 d0 + 750 d7,61,60,safety,P1,primaria,0.65,<2 mg/dL,45,,,,,,,0-35,resultsSection.outcomeMeasuresModule.outcomeMeasures[0],«Incidence of Hypophosphatemia (S-phosphate Level <2 mg/dL) … denoms OG000 63 OG001 60 … OG000 5 OG001 45»,registro,consenso,no,PRIMARY; Safety analysis set; RD CMH -67.0 (IC 95% -77.4 a -51.5); n_randomizzati da participantFlowModule STARTED 62/61
NCT03238911,NCT03238911,Iron Isomaltoside/Ferric Derisomaltose,FDI,1000,1000 d0,62,59,altro,S3,primaria,0.65,<2.0 mg/dL,1,,,,,,,35,resultsSection.outcomeMeasuresModule.outcomeMeasures[2],«Proportion of Subjects With Hypophosphatemia on Day 35 ( S-phosphate Level <2.0 mg/dL) … denoms OG000 59 OG001 58 … OG000 1 OG001 24»,registro,consenso,no,SECONDARY; populationDescription dichiara Safety analysis set ma i denominatori (59/58) sono i pazienti con valore a d35; n_randomizzati da participantFlowModule STARTED 62/61
NCT03238911,NCT03238911,Ferric Carboxymaltose,FCM,1500,750 d0 + 750 d7,61,58,altro,S3,primaria,0.65,<2.0 mg/dL,24,,,,,,,35,resultsSection.outcomeMeasuresModule.outcomeMeasures[2],«Proportion of Subjects With Hypophosphatemia on Day 35 ( S-phosphate Level <2.0 mg/dL) … denoms OG000 59 OG001 58 … OG000 1 OG001 24»,registro,consenso,no,SECONDARY; populationDescription dichiara Safety analysis set ma i denominatori (59/58) sono i pazienti con valore a d35; RD CMH -39.2 (IC 95% -52.2 a -23.3); n_randomizzati da participantFlowModule STARTED 62/61
NCT03238911,NCT03238911,Iron Isomaltoside/Ferric Derisomaltose,FDI,1000,1000 d0,62,63,safety,S1,primaria,0.32,≤1.0 mg/dL,0,,,,,,,0-35,resultsSection.outcomeMeasuresModule.outcomeMeasures[17],«Incidence of S-phosphate Level ≤1.0 mg/dL at Any Time From Baseline to Day 35 … denoms OG000 63 OG001 59 … OG000 0 OG001 7»,registro,consenso,si,POST_HOC; populationDescription: Safety analysis set; n_randomizzati da participantFlowModule STARTED 62/61; verificato sul testo dall'utente il 2026-09-29
NCT03238911,NCT03238911,Ferric Carboxymaltose,FCM,1500,750 d0 + 750 d7,61,59,safety,S1,primaria,0.32,≤1.0 mg/dL,7,,,,,,,0-35,resultsSection.outcomeMeasuresModule.outcomeMeasures[17],«Incidence of S-phosphate Level ≤1.0 mg/dL at Any Time From Baseline to Day 35 … denoms OG000 63 OG001 59 … OG000 0 OG001 7»,registro,consenso,si,"POST_HOC; populationDescription dichiara Safety analysis set ma il denominatore FCM è 59, non 60 (probabilmente escluso il paziente senza fosfato post-basale: non dichiarato); RD non aggiustata -11.9 (IC Wald -20.1 a -3.6); n_randomizzati da participantFlowModule STARTED 62/61; verificato sul testo dall'utente il 2026-09-29"
NCT03238911,NCT03238911,Iron Isomaltoside/Ferric Derisomaltose,FDI,1000,1000 d0,62,59,altro,S4,primaria,,,,,0.25,0.55,ds,variazione-da-basale,mg/dL,1,"resultsSection.outcomeMeasuresModule.outcomeMeasures[3], class Day 1",«Absolute [∆] Changes in S-phosphate … Day 1 … denoms 59/57 … OG000 0.25 (spread 0.55) OG001 -0.24 (spread 0.61)»,registro,consenso,no,"media aritmetica (paramType MEAN, dispersionType Standard Deviation) della variazione assoluta dal basale; safety set con dato osservato a quel giorno; n_randomizzati da participantFlowModule STARTED 62/61; il registro indica «Safety analysis set» ma il denominatore è quello dei pazienti misurati alla visita"
NCT03238911,NCT03238911,Ferric Carboxymaltose,FCM,1500,750 d0 + 750 d7,61,57,altro,S4,primaria,,,,,-0.24,0.61,ds,variazione-da-basale,mg/dL,1,"resultsSection.outcomeMeasuresModule.outcomeMeasures[3], class Day 1",«Absolute [∆] Changes in S-phosphate … Day 1 … denoms 59/57 … OG000 0.25 (spread 0.55) OG001 -0.24 (spread 0.61)»,registro,consenso,no,"media aritmetica (MEAN, SD) della variazione assoluta dal basale; safety set con dato osservato a quel giorno; n_randomizzati da participantFlowModule STARTED 62/61; il registro indica «Safety analysis set» ma il denominatore è quello dei pazienti misurati alla visita"
NCT03238911,NCT03238911,Iron Isomaltoside/Ferric Derisomaltose,FDI,1000,1000 d0,62,60,altro,S4,primaria,,,,,-0.06,0.75,ds,variazione-da-basale,mg/dL,7,"resultsSection.outcomeMeasuresModule.outcomeMeasures[3], class Day 7",«Absolute [∆] Changes in S-phosphate … Day 7 … denoms 60/58 … OG000 -0.06 (spread 0.75) OG001 -1.15 (spread 0.63)»,registro,consenso,no,"media aritmetica (MEAN, SD) della variazione assoluta dal basale; safety set con dato osservato a quel giorno; n_randomizzati da participantFlowModule STARTED 62/61; il registro indica «Safety analysis set» ma il denominatore è quello dei pazienti misurati alla visita"
NCT03238911,NCT03238911,Ferric Carboxymaltose,FCM,1500,750 d0 + 750 d7,61,58,altro,S4,primaria,,,,,-1.15,0.63,ds,variazione-da-basale,mg/dL,7,"resultsSection.outcomeMeasuresModule.outcomeMeasures[3], class Day 7",«Absolute [∆] Changes in S-phosphate … Day 7 … denoms 60/58 … OG000 -0.06 (spread 0.75) OG001 -1.15 (spread 0.63)»,registro,consenso,no,"media aritmetica (MEAN, SD) della variazione assoluta dal basale; valore a d7 prima della seconda dose FCM; safety set con dato osservato; n_randomizzati da participantFlowModule STARTED 62/61; il registro indica «Safety analysis set» ma il denominatore è quello dei pazienti misurati alla visita"
NCT03238911,NCT03238911,Iron Isomaltoside/Ferric Derisomaltose,FDI,1000,1000 d0,62,57,altro,S4,primaria,,,,,-0.10,0.77,ds,variazione-da-basale,mg/dL,8,"resultsSection.outcomeMeasuresModule.outcomeMeasures[3], class Day 8",«Absolute [∆] Changes in S-phosphate … Day 8 … denoms 57/57 … OG000 -0.10 (spread 0.77) OG001 -1.15 (spread 0.64)»,registro,consenso,no,"media aritmetica (MEAN, SD) della variazione assoluta dal basale; safety set con dato osservato a quel giorno; n_randomizzati da participantFlowModule STARTED 62/61; il registro indica «Safety analysis set» ma il denominatore è quello dei pazienti misurati alla visita"
NCT03238911,NCT03238911,Ferric Carboxymaltose,FCM,1500,750 d0 + 750 d7,61,57,altro,S4,primaria,,,,,-1.15,0.64,ds,variazione-da-basale,mg/dL,8,"resultsSection.outcomeMeasuresModule.outcomeMeasures[3], class Day 8",«Absolute [∆] Changes in S-phosphate … Day 8 … denoms 57/57 … OG000 -0.10 (spread 0.77) OG001 -1.15 (spread 0.64)»,registro,consenso,no,"media aritmetica (MEAN, SD) della variazione assoluta dal basale; safety set con dato osservato a quel giorno; n_randomizzati da participantFlowModule STARTED 62/61; il registro indica «Safety analysis set» ma il denominatore è quello dei pazienti misurati alla visita"
NCT03238911,NCT03238911,Iron Isomaltoside/Ferric Derisomaltose,FDI,1000,1000 d0,62,58,altro,S4,primaria,,,,,-0.04,0.75,ds,variazione-da-basale,mg/dL,14,"resultsSection.outcomeMeasuresModule.outcomeMeasures[3], class Day 14",«Absolute [∆] Changes in S-phosphate … Day 14 … denoms 58/56 … OG000 -0.04 (spread 0.75) OG001 -1.44 (spread 0.83)»,registro,consenso,no,"media aritmetica (MEAN, SD) della variazione assoluta dal basale; safety set con dato osservato a quel giorno; n_randomizzati da participantFlowModule STARTED 62/61; il registro indica «Safety analysis set» ma il denominatore è quello dei pazienti misurati alla visita"
NCT03238911,NCT03238911,Ferric Carboxymaltose,FCM,1500,750 d0 + 750 d7,61,56,altro,S4,primaria,,,,,-1.44,0.83,ds,variazione-da-basale,mg/dL,14,"resultsSection.outcomeMeasuresModule.outcomeMeasures[3], class Day 14",«Absolute [∆] Changes in S-phosphate … Day 14 … denoms 58/56 … OG000 -0.04 (spread 0.75) OG001 -1.44 (spread 0.83)»,registro,consenso,no,"media aritmetica (MEAN, SD) della variazione assoluta dal basale; giorno della variazione media più ampia nel braccio FCM tra quelli riportati; safety set con dato osservato; n_randomizzati da participantFlowModule STARTED 62/61; il registro indica «Safety analysis set» ma il denominatore è quello dei pazienti misurati alla visita"
NCT03238911,NCT03238911,Iron Isomaltoside/Ferric Derisomaltose,FDI,1000,1000 d0,62,54,altro,S4,primaria,,,,,0.04,0.69,ds,variazione-da-basale,mg/dL,21,"resultsSection.outcomeMeasuresModule.outcomeMeasures[3], class Day 21",«Absolute [∆] Changes in S-phosphate … Day 21 … denoms 54/56 … OG000 0.04 (spread 0.69) OG001 -1.02 (spread 0.99)»,registro,consenso,no,"media aritmetica (MEAN, SD) della variazione assoluta dal basale; safety set con dato osservato a quel giorno; n_randomizzati da participantFlowModule STARTED 62/61; il registro indica «Safety analysis set» ma il denominatore è quello dei pazienti misurati alla visita"
NCT03238911,NCT03238911,Ferric Carboxymaltose,FCM,1500,750 d0 + 750 d7,61,56,altro,S4,primaria,,,,,-1.02,0.99,ds,variazione-da-basale,mg/dL,21,"resultsSection.outcomeMeasuresModule.outcomeMeasures[3], class Day 21",«Absolute [∆] Changes in S-phosphate … Day 21 … denoms 54/56 … OG000 0.04 (spread 0.69) OG001 -1.02 (spread 0.99)»,registro,consenso,no,"media aritmetica (MEAN, SD) della variazione assoluta dal basale; safety set con dato osservato a quel giorno; n_randomizzati da participantFlowModule STARTED 62/61; il registro indica «Safety analysis set» ma il denominatore è quello dei pazienti misurati alla visita"
NCT03238911,NCT03238911,Iron Isomaltoside/Ferric Derisomaltose,FDI,1000,1000 d0,62,59,altro,S4,primaria,,,,,0.24,0.76,ds,variazione-da-basale,mg/dL,35,"resultsSection.outcomeMeasuresModule.outcomeMeasures[3], class Day 35",«Absolute [∆] Changes in S-phosphate … Day 35 … denoms 59/58 … OG000 0.24 (spread 0.76) OG001 -0.92 (spread 0.85)»,registro,consenso,si,"media aritmetica (MEAN, SD) della variazione assoluta dal basale; ultima visita della finestra primaria; safety set con dato osservato; MMRM: differenza 1.13 (IC 95% 0.86 a 1.39); n_randomizzati da participantFlowModule STARTED 62/61; il registro indica «Safety analysis set» ma il denominatore è quello dei pazienti misurati alla visita; verificato sul testo dall'utente il 2026-09-29"
NCT03238911,NCT03238911,Ferric Carboxymaltose,FCM,1500,750 d0 + 750 d7,61,58,altro,S4,primaria,,,,,-0.92,0.85,ds,variazione-da-basale,mg/dL,35,"resultsSection.outcomeMeasuresModule.outcomeMeasures[3], class Day 35",«Absolute [∆] Changes in S-phosphate … Day 35 … denoms 59/58 … OG000 0.24 (spread 0.76) OG001 -0.92 (spread 0.85)»,registro,consenso,si,"media aritmetica (MEAN, SD) della variazione assoluta dal basale; ultima visita della finestra primaria; safety set con dato osservato; n_randomizzati da participantFlowModule STARTED 62/61; il registro indica «Safety analysis set» ma il denominatore è quello dei pazienti misurati alla visita; verificato sul testo dall'utente il 2026-09-29"
NCT03238911,NCT03238911,Iron Isomaltoside/Ferric Derisomaltose,FDI,1000,1000 d0,62,63,safety,S6,primaria,,,1,,,,,,,0-35,resultsSection.outcomeMeasuresModule.outcomeMeasures[13],«Incidence of Protocol-defined Serious or Severe Hypersensitivity Reactions … denoms OG000 63 OG001 60 … OG000 1 OG001 0»,registro,consenso,si,termine della fonte: «Protocol-defined Serious or Severe Hypersensitivity Reactions» (endpoint secondario prespecificato; criteri del protocollo non riportati nel registro; nessun NIAID/WAO/Ring-Messmer dichiarato); timeFrame Baseline to day 35; Safety analysis set; n_randomizzati da participantFlowModule STARTED 62/61; verificato sul testo dall'utente il 2026-09-29
NCT03238911,NCT03238911,Ferric Carboxymaltose,FCM,1500,750 d0 + 750 d7,61,60,safety,S6,primaria,,,0,,,,,,,0-35,resultsSection.outcomeMeasuresModule.outcomeMeasures[13],«Incidence of Protocol-defined Serious or Severe Hypersensitivity Reactions … denoms OG000 63 OG001 60 … OG000 1 OG001 0»,registro,consenso,si,termine della fonte: «Protocol-defined Serious or Severe Hypersensitivity Reactions» (endpoint secondario prespecificato; criteri del protocollo non riportati nel registro); timeFrame Baseline to day 35; Safety analysis set; zero dichiarato dal registro; n_randomizzati da participantFlowModule STARTED 62/61; verificato sul testo dall'utente il 2026-09-29
NCT03238911,NCT03238911,Iron Isomaltoside/Ferric Derisomaltose,FDI,1000,1000 d0,62,63,safety,S6,estesa,,,1,,,,,,,0-35,resultsSection.adverseEventsModule.seriousEvents[0],"«term: Hypersensitivity, organSystem: Immune system disorders, MedDRA (20.1) … EG000 numAffected 1 numAtRisk 63; EG001 numAffected 0 numAtRisk 60»",registro,consenso,no,"SAE, MedDRA 20.1 PT Hypersensitivity (SOC Immune system disorders); nessun criterio di gravità NIAID/WAO dichiarato; periodo AE dalla firma dell'ICF (screening fino a 28 giorni) al completamento dello studio (35 giorni); probabilmente lo stesso evento della riga S6 primaria da outcomeMeasures[13] (JAMA: swollen eyelid unilaterally, dato aggregato dei due trial); n_randomizzati da participantFlowModule STARTED 62/61"
NCT03238911,NCT03238911,Ferric Carboxymaltose,FCM,1500,750 d0 + 750 d7,61,60,safety,S6,estesa,,,0,,,,,,,0-35,resultsSection.adverseEventsModule.seriousEvents[0],"«term: Hypersensitivity, organSystem: Immune system disorders, MedDRA (20.1) … EG000 numAffected 1 numAtRisk 63; EG001 numAffected 0 numAtRisk 60»",registro,consenso,no,"SAE, MedDRA 20.1 PT Hypersensitivity (SOC Immune system disorders); zero dichiarato dal registro (numAffected 0); periodo AE dalla firma dell'ICF (screening fino a 28 giorni) al completamento dello studio (35 giorni); n_randomizzati da participantFlowModule STARTED 62/61"
NCT03238911,NCT03238911,Iron Isomaltoside/Ferric Derisomaltose,FDI,1000,1000 d0,62,63,safety,S8b,primaria,,,0,,,,,,,0-35,resultsSection.adverseEventsModule.eventGroups[0] e seriousEvents,"EG000 «seriousNumAffected»: 1, «seriousNumAtRisk»: 63; unico SAE elencato: «Hypersensitivity» (Immune system disorders)",registro,consenso,si,"SOC Cardiac disorders; zero non scritto per SOC: il registro elenca tutti i SAE (nessuna soglia), 1 paziente con SAE in SOC Immune system disorders, nessun SAE nella SOC Cardiac disorders; da confermare in consenso; n_randomizzati 62 da participantFlowModule STARTED; verificato sul testo dall'utente il 2026-09-29; finestra corretta da estesa a primaria (codebook §6 regola 8, follow-up 35 giorni), decisione utente 2026-09-29"
NCT03238911,NCT03238911,Iron Isomaltoside/Ferric Derisomaltose,FDI,1000,1000 d0,62,63,safety,S8b,primaria,,,0,,,,,,,0-35,resultsSection.adverseEventsModule.eventGroups[0] e seriousEvents,"EG000 «seriousNumAffected»: 1, «seriousNumAtRisk»: 63; unico SAE elencato: «Hypersensitivity» (Immune system disorders)",registro,consenso,si,"SOC Vascular disorders; zero non scritto per SOC: il registro elenca tutti i SAE (nessuna soglia), 1 paziente con SAE in SOC Immune system disorders, nessun SAE nella SOC Vascular disorders; da confermare in consenso; n_randomizzati 62 da participantFlowModule STARTED; verificato sul testo dall'utente il 2026-09-29; finestra corretta da estesa a primaria (codebook §6 regola 8, follow-up 35 giorni), decisione utente 2026-09-29"
NCT03238911,NCT03238911,Ferric Carboxymaltose,FCM,1500,750 d0 + 750 d7,61,60,safety,S8b,primaria,,,0,,,,,,,0-35,resultsSection.adverseEventsModule.eventGroups[1],"EG001 «seriousNumAffected»: 0, «seriousNumAtRisk»: 60",registro,consenso,si,"SOC Cardiac disorders; nessun paziente con SAE di alcuna SOC nel braccio (seriousNumAffected 0); n_randomizzati 61 da participantFlowModule STARTED; verificato sul testo dall'utente il 2026-09-29; finestra corretta da estesa a primaria (codebook §6 regola 8, follow-up 35 giorni), decisione utente 2026-09-29"
NCT03238911,NCT03238911,Ferric Carboxymaltose,FCM,1500,750 d0 + 750 d7,61,60,safety,S8b,primaria,,,0,,,,,,,0-35,resultsSection.adverseEventsModule.eventGroups[1],"EG001 «seriousNumAffected»: 0, «seriousNumAtRisk»: 60",registro,consenso,si,"SOC Vascular disorders; nessun paziente con SAE di alcuna SOC nel braccio (seriousNumAffected 0); n_randomizzati 61 da participantFlowModule STARTED; verificato sul testo dall'utente il 2026-09-29; finestra corretta da estesa a primaria (codebook §6 regola 8, follow-up 35 giorni), decisione utente 2026-09-29"
NCT03237065,32016310,Iron isomaltoside,FDI,1000,1000 d0,61,62,safety,P1,primaria,0.65,<2.0 mg/dL,5,,,,,,,0-35,"Figure 2B, p. 438","«Patients, No./total No. ... Iron isomaltoside 5/62» (Any Postbaseline, trial B)",fulltext,consenso,si,n_randomizzati da Figure 1B (61 randomizzati a iron isomaltoside). Safety set 62 include 1 paziente randomizzato a FCM trattato per errore con FDI; pazienti senza misure post-basale imputati come ipofosfatemici (Methods p. 434). Verificato sul PDF p. 438; verificato sul testo dall'utente il 2026-09-29
NCT03237065,32016310,Ferric carboxymaltose,FCM,1500,750 d0 + 750 d7,61,57,safety,P1,primaria,0.65,<2.0 mg/dL,42,,,,,,,0-35,"Figure 2B, p. 438","«Patients, No./total No. Ferric carboxymaltose 42/57» (Any Postbaseline, trial B)",fulltext,consenso,si,"n_randomizzati da Figure 1B (61 randomizzati a FCM; 3 non trattati, 1 trattato con FDI). Pazienti senza misure post-basale imputati come ipofosfatemici (Methods p. 434). Verificato sul PDF p. 438; verificato sul testo dall'utente il 2026-09-29"
NCT03237065,32016310,Iron isomaltoside,FDI,1000,1000 d0,61,58,altro,S3,primaria,0.65,<2.0 mg/dL,0,,,,,,,35,"Figure 2B, p. 438","«Iron isomaltoside ... 0/58» (Day 35, trial B)",fulltext,consenso,si,prevalenza di fosfato <2.0 mg/dL alla visita del giorno 35 (ultima visita); denominatore = pazienti con misura al giorno 35. n_randomizzati da Figure 1B. Verificato sul PDF p. 438; il registro indica «Safety analysis set» ma il denominatore è quello dei pazienti misurati alla visita; verificato sul testo dall'utente il 2026-09-29
NCT03237065,32016310,Ferric carboxymaltose,FCM,1500,750 d0 + 750 d7,61,56,altro,S3,primaria,0.65,<2.0 mg/dL,25,,,,,,,35,"Figure 2B, p. 438","«Ferric carboxymaltose ... 25/56» (Day 35, trial B)",fulltext,consenso,si,prevalenza di fosfato <2.0 mg/dL alla visita del giorno 35 (ultima visita); denominatore = pazienti con misura al giorno 35. n_randomizzati da Figure 1B. Verificato sul PDF p. 438; il registro indica «Safety analysis set» ma il denominatore è quello dei pazienti misurati alla visita; verificato sul testo dall'utente il 2026-09-29
NCT03237065,NCT03237065,Iron Isomaltoside/Ferric Derisomaltose,FDI,1000,1000 d0,61,62,safety,P1,primaria,0.65,<2 mg/dL,5,,,,,,,0-35,resultsSection.outcomeMeasures[0],«Incidence of Hypophosphatemia (S-phosphate Level <2 mg/dL)... OG000 value 5; denom 62»,registro,consenso,no,n_randomizzati da participantFlow STARTED (61). Safety set 62 comprende 1 soggetto del gruppo FCM trattato per errore con FDI
NCT03237065,NCT03237065,Ferric Carboxymaltose,FCM,1500,750 d0 + 750 d7,61,57,safety,P1,primaria,0.65,<2 mg/dL,42,,,,,,,0-35,resultsSection.outcomeMeasures[0],«Incidence of Hypophosphatemia (S-phosphate Level <2 mg/dL)... OG001 value 42; denom 57»,registro,consenso,no,n_randomizzati da participantFlow STARTED (61)
NCT03237065,NCT03237065,Iron Isomaltoside/Ferric Derisomaltose,FDI,1000,1000 d0,61,58,altro,S3,primaria,0.65,<2.0 mg/dL,0,,,,,,,35,resultsSection.outcomeMeasures[2],«Proportion of Subjects With Hypophosphatemia on Day 35 (S-phosphate Level <2.0 mg/dL)... OG000 value 0; denom 58»,registro,consenso,no,"populationDescription = safety analysis set, ma denominatore 58 (soggetti con misura al giorno 35). n_randomizzati da participantFlow STARTED"
NCT03237065,NCT03237065,Ferric Carboxymaltose,FCM,1500,750 d0 + 750 d7,61,56,altro,S3,primaria,0.65,<2.0 mg/dL,25,,,,,,,35,resultsSection.outcomeMeasures[2],«Proportion of Subjects With Hypophosphatemia on Day 35 (S-phosphate Level <2.0 mg/dL)... OG001 value 25; denom 56»,registro,consenso,no,"populationDescription = safety analysis set, ma denominatore 56 (soggetti con misura al giorno 35). n_randomizzati da participantFlow STARTED"
NCT03237065,NCT03237065,Iron Isomaltoside/Ferric Derisomaltose,FDI,1000,1000 d0,61,61,altro,S1,primaria,0.32,≤1.0 mg/dL,0,,,,,,,0-35,resultsSection.outcomeMeasures[17],«Incidence of S-phosphate Level ≤1.0 mg/dL at Any Time From Baseline to Day 35... OG000 value 0; denom 61»,registro,consenso,si,"esito POST_HOC nel registro; nessuna populationDescription: denominatore 61 diverso dal safety set (62), presumibilmente soggetti con misura post-basale. n_randomizzati da participantFlow STARTED; verificato sul testo dall'utente il 2026-09-29"
NCT03237065,NCT03237065,Ferric Carboxymaltose,FCM,1500,750 d0 + 750 d7,61,56,altro,S1,primaria,0.32,≤1.0 mg/dL,6,,,,,,,0-35,resultsSection.outcomeMeasures[17],«Incidence of S-phosphate Level ≤1.0 mg/dL at Any Time From Baseline to Day 35... OG001 value 6; denom 56»,registro,consenso,si,"esito POST_HOC nel registro; nessuna populationDescription: denominatore 56 diverso dal safety set (57), presumibilmente soggetti con misura post-basale. n_randomizzati da participantFlow STARTED; verificato sul testo dall'utente il 2026-09-29"
NCT03237065,NCT03237065,Iron Isomaltoside/Ferric Derisomaltose,FDI,1000,1000 d0,61,62,safety,S6,primaria,,,0,,,,,,,0-35,resultsSection.outcomeMeasures[13],«Incidence of Protocol-defined Serious or Severe Hypersensitivity Reactions... OG000 value 0; denom 62»,registro,consenso,si,"definizione della fonte: «protocol-defined serious or severe hypersensitivity reactions» (numero di partecipanti). Finestra primaria perché evento avverso contato sull'intero follow-up, che dura 35 giorni (codebook §6 regola 8); nota corretta 2026-09-29. n_randomizzati da participantFlow STARTED; verificato sul testo dall'utente il 2026-09-29"
NCT03237065,NCT03237065,Ferric Carboxymaltose,FCM,1500,750 d0 + 750 d7,61,57,safety,S6,primaria,,,2,,,,,,,0-35,resultsSection.outcomeMeasures[13],«Incidence of Protocol-defined Serious or Severe Hypersensitivity Reactions... OG001 value 2; denom 57»,registro,consenso,si,"definizione della fonte: «protocol-defined serious or severe hypersensitivity reactions» (numero di partecipanti). Finestra primaria perché evento avverso contato sull'intero follow-up, che dura 35 giorni (codebook §6 regola 8); nota corretta 2026-09-29. n_randomizzati da participantFlow STARTED; verificato sul testo dall'utente il 2026-09-29"
NCT03237065,NCT03237065,Iron Isomaltoside/Ferric Derisomaltose,FDI,1000,1000 d0,61,62,safety,S8b,primaria,,,0,,,,,,,0-35,resultsSection.adverseEventsModule.eventGroups[0] + seriousEvents,«seriousNumAffected: 0; seriousNumAtRisk: 62»,registro,consenso,si,"SOC Cardiac disorders. Il registro riporta 0 pazienti con SAE di qualsiasi tipo nel braccio (eventGroups EG000), quindi 0 nella SOC; nessun termine della SOC in seriousEvents (MedDRA 20.1). Finestra: intero studio (35 giorni). n_randomizzati da participantFlow STARTED; verificato sul testo dall'utente il 2026-09-29; finestra corretta da estesa a primaria (codebook §6 regola 8, follow-up 35 giorni), decisione utente 2026-09-29"
NCT03237065,NCT03237065,Iron Isomaltoside/Ferric Derisomaltose,FDI,1000,1000 d0,61,62,safety,S8b,primaria,,,0,,,,,,,0-35,resultsSection.adverseEventsModule.eventGroups[0] + seriousEvents,«seriousNumAffected: 0; seriousNumAtRisk: 62»,registro,consenso,si,"SOC Vascular disorders. Il registro riporta 0 pazienti con SAE di qualsiasi tipo nel braccio (eventGroups EG000), quindi 0 nella SOC; nessun termine della SOC in seriousEvents (MedDRA 20.1). Finestra: intero studio (35 giorni). n_randomizzati da participantFlow STARTED; verificato sul testo dall'utente il 2026-09-29; finestra corretta da estesa a primaria (codebook §6 regola 8, follow-up 35 giorni), decisione utente 2026-09-29"
NCT03237065,NCT03237065,Ferric Carboxymaltose,FCM,1500,750 d0 + 750 d7,61,57,safety,S8b,primaria,,,0,,,,,,,0-35,resultsSection.adverseEventsModule.eventGroups[1] + seriousEvents[0],«seriousNumAffected: 1; seriousNumAtRisk: 57» — unico SAE: «Dehydration» (Metabolism and nutrition disorders),registro,consenso,si,"SOC Cardiac disorders. Il registro elenca un solo paziente con SAE nel braccio, PT Dehydration (SOC Metabolism and nutrition disorders); nessun PT della SOC Cardiac disorders in seriousEvents, quindi 0 pazienti (regola §6.4: conteggio esatto). Finestra: intero studio (35 giorni). n_randomizzati da participantFlow STARTED; verificato sul testo dall'utente il 2026-09-29; finestra corretta da estesa a primaria (codebook §6 regola 8, follow-up 35 giorni), decisione utente 2026-09-29"
NCT03237065,NCT03237065,Ferric Carboxymaltose,FCM,1500,750 d0 + 750 d7,61,57,safety,S8b,primaria,,,0,,,,,,,0-35,resultsSection.adverseEventsModule.eventGroups[1] + seriousEvents[0],«seriousNumAffected: 1; seriousNumAtRisk: 57» — unico SAE: «Dehydration» (Metabolism and nutrition disorders),registro,consenso,si,"SOC Vascular disorders. Il registro elenca un solo paziente con SAE nel braccio, PT Dehydration (SOC Metabolism and nutrition disorders); nessun PT della SOC Vascular disorders in seriousEvents, quindi 0 pazienti (regola §6.4: conteggio esatto). Finestra: intero studio (35 giorni). n_randomizzati da participantFlow STARTED; verificato sul testo dall'utente il 2026-09-29; finestra corretta da estesa a primaria (codebook §6 regola 8, follow-up 35 giorni), decisione utente 2026-09-29"
NCT03237065,NCT03237065,Iron Isomaltoside/Ferric Derisomaltose,FDI,1000,1000 d0,61,62,altro,S4,primaria,,,,,0.19,0.57,ds,variazione-da-basale,mg/dL,1,"resultsSection.outcomeMeasures[3], Day 1","«Absolute [∆] Changes in S-phosphate... Day 1 OG000 value 0.19, spread 0.57; denom 62»",registro,consenso,no,"media e DS descrittive (paramType MEAN, Standard Deviation); n_randomizzati da participantFlow STARTED; il registro indica «Safety analysis set» ma il denominatore è quello dei pazienti misurati alla visita"
NCT03237065,NCT03237065,Ferric Carboxymaltose,FCM,1500,750 d0 + 750 d7,61,57,altro,S4,primaria,,,,,-0.18,0.50,ds,variazione-da-basale,mg/dL,1,"resultsSection.outcomeMeasures[3], Day 1","«Absolute [∆] Changes in S-phosphate... Day 1 OG001 value -0.18, spread 0.50; denom 57»",registro,consenso,no,"media e DS descrittive (paramType MEAN, Standard Deviation); n_randomizzati da participantFlow STARTED; il registro indica «Safety analysis set» ma il denominatore è quello dei pazienti misurati alla visita"
NCT03237065,NCT03237065,Iron Isomaltoside/Ferric Derisomaltose,FDI,1000,1000 d0,61,60,altro,S4,primaria,,,,,-0.44,0.57,ds,variazione-da-basale,mg/dL,7,"resultsSection.outcomeMeasures[3], Day 7","«Absolute [∆] Changes in S-phosphate... Day 7 OG000 value -0.44, spread 0.57; denom 60»",registro,consenso,no,"media e DS descrittive (paramType MEAN, Standard Deviation); n_randomizzati da participantFlow STARTED; il registro indica «Safety analysis set» ma il denominatore è quello dei pazienti misurati alla visita"
NCT03237065,NCT03237065,Ferric Carboxymaltose,FCM,1500,750 d0 + 750 d7,61,55,altro,S4,primaria,,,,,-0.89,0.74,ds,variazione-da-basale,mg/dL,7,"resultsSection.outcomeMeasures[3], Day 7","«Absolute [∆] Changes in S-phosphate... Day 7 OG001 value -0.89, spread 0.74; denom 55»",registro,consenso,no,"media e DS descrittive (paramType MEAN, Standard Deviation); n_randomizzati da participantFlow STARTED; il registro indica «Safety analysis set» ma il denominatore è quello dei pazienti misurati alla visita"
NCT03237065,NCT03237065,Iron Isomaltoside/Ferric Derisomaltose,FDI,1000,1000 d0,61,59,altro,S4,primaria,,,,,-0.46,0.64,ds,variazione-da-basale,mg/dL,8,"resultsSection.outcomeMeasures[3], Day 8","«Absolute [∆] Changes in S-phosphate... Day 8 OG000 value -0.46, spread 0.64; denom 59»",registro,consenso,no,"media e DS descrittive (paramType MEAN, Standard Deviation); n_randomizzati da participantFlow STARTED; il registro indica «Safety analysis set» ma il denominatore è quello dei pazienti misurati alla visita"
NCT03237065,NCT03237065,Ferric Carboxymaltose,FCM,1500,750 d0 + 750 d7,61,53,altro,S4,primaria,,,,,-1.14,0.74,ds,variazione-da-basale,mg/dL,8,"resultsSection.outcomeMeasures[3], Day 8","«Absolute [∆] Changes in S-phosphate... Day 8 OG001 value -1.14, spread 0.74; denom 53»",registro,consenso,no,"media e DS descrittive (paramType MEAN, Standard Deviation); n_randomizzati da participantFlow STARTED; il registro indica «Safety analysis set» ma il denominatore è quello dei pazienti misurati alla visita"
NCT03237065,NCT03237065,Iron Isomaltoside/Ferric Derisomaltose,FDI,1000,1000 d0,61,58,altro,S4,primaria,,,,,-0.32,0.60,ds,variazione-da-basale,mg/dL,14,"resultsSection.outcomeMeasures[3], Day 14","«Absolute [∆] Changes in S-phosphate... Day 14 OG000 value -0.32, spread 0.60; denom 58»",registro,consenso,no,"media e DS descrittive (paramType MEAN, Standard Deviation); n_randomizzati da participantFlow STARTED; il registro indica «Safety analysis set» ma il denominatore è quello dei pazienti misurati alla visita"
NCT03237065,NCT03237065,Ferric Carboxymaltose,FCM,1500,750 d0 + 750 d7,61,53,altro,S4,primaria,,,,,-1.47,0.80,ds,variazione-da-basale,mg/dL,14,"resultsSection.outcomeMeasures[3], Day 14","«Absolute [∆] Changes in S-phosphate... Day 14 OG001 value -1.47, spread 0.80; denom 53»",registro,consenso,no,"media e DS descrittive (paramType MEAN, Standard Deviation); n_randomizzati da participantFlow STARTED; il registro indica «Safety analysis set» ma il denominatore è quello dei pazienti misurati alla visita"
NCT03237065,NCT03237065,Iron Isomaltoside/Ferric Derisomaltose,FDI,1000,1000 d0,61,56,altro,S4,primaria,,,,,-0.09,0.66,ds,variazione-da-basale,mg/dL,21,"resultsSection.outcomeMeasures[3], Day 21","«Absolute [∆] Changes in S-phosphate... Day 21 OG000 value -0.09, spread 0.66; denom 56»",registro,consenso,no,"media e DS descrittive (paramType MEAN, Standard Deviation); n_randomizzati da participantFlow STARTED; il registro indica «Safety analysis set» ma il denominatore è quello dei pazienti misurati alla visita"
NCT03237065,NCT03237065,Ferric Carboxymaltose,FCM,1500,750 d0 + 750 d7,61,55,altro,S4,primaria,,,,,-1.27,0.88,ds,variazione-da-basale,mg/dL,21,"resultsSection.outcomeMeasures[3], Day 21","«Absolute [∆] Changes in S-phosphate... Day 21 OG001 value -1.27, spread 0.88; denom 55»",registro,consenso,no,"media e DS descrittive (paramType MEAN, Standard Deviation); n_randomizzati da participantFlow STARTED; il registro indica «Safety analysis set» ma il denominatore è quello dei pazienti misurati alla visita"
NCT03237065,NCT03237065,Iron Isomaltoside/Ferric Derisomaltose,FDI,1000,1000 d0,61,58,altro,S4,primaria,,,,,0.11,0.49,ds,variazione-da-basale,mg/dL,35,"resultsSection.outcomeMeasures[3], Day 35","«Absolute [∆] Changes in S-phosphate... Day 35 OG000 value 0.11, spread 0.49; denom 58»",registro,consenso,si,"media e DS descrittive (paramType MEAN, Standard Deviation); n_randomizzati da participantFlow STARTED; il registro indica «Safety analysis set» ma il denominatore è quello dei pazienti misurati alla visita; verificato sul testo dall'utente il 2026-09-29"
NCT03237065,NCT03237065,Ferric Carboxymaltose,FCM,1500,750 d0 + 750 d7,61,56,altro,S4,primaria,,,,,-0.99,0.96,ds,variazione-da-basale,mg/dL,35,"resultsSection.outcomeMeasures[3], Day 35","«Absolute [∆] Changes in S-phosphate... Day 35 OG001 value -0.99, spread 0.96; denom 56»",registro,consenso,si,"media e DS descrittive (paramType MEAN, Standard Deviation); n_randomizzati da participantFlow STARTED; il registro indica «Safety analysis set» ma il denominatore è quello dei pazienti misurati alla visita; verificato sul testo dall'utente il 2026-09-29"
NCT02905539,32654663,FCM,FCM,1000,1000 d0,13,12,altro,P1,primaria,0.65,< 2.0 mg/dL,9,,,,,,,0-37,"Results, Endpoints (par. 1); Methods, Endpoints",«hypophosphatemia (plasma phosphorus < 2 mg/dL) at any post-infusion study visit occurred in 75% (9 of 12) of the women in the FCM group»,fulltext,consenso,si,"incidenza a qualsiasi visita post-infusione (day 1, day 7 ± 2, day 35 ± 2); soglia dai Methods «< 2.0 mg/dL»; n_analizzati = 12 perché 1 donna FCM ha ritirato il consenso dopo l'infusione (set di analisi di 25, Table S4); dose 1000 mg somministrata a tutte («All participants received a single infusion of 1000 mg»), schema 20 mg/kg max 1000 mg; n_randomizzati da Results: «randomized to FCM (n = 13) or to FDI (n = 13)»; verificato sul testo dall'utente il 2026-09-29"
NCT02905539,32654663,FDI,FDI,1000,1000 d0,13,13,altro,P1,primaria,0.65,< 2.0 mg/dL,1,,,,,,,0-37,"Results, Endpoints (par. 1); Methods, Endpoints",«and 8% (1 of 13) in the FDI group (p = 0.001)»,fulltext,consenso,si,"incidenza a qualsiasi visita post-infusione (day 1, day 7 ± 2, day 35 ± 2); soglia dai Methods «< 2.0 mg/dL»; set di analisi di 25 (Table S4), per FDI coincide con randomizzati e trattati; dose 1000 mg somministrata a tutte, schema 20 mg/kg max 1000 mg; n_randomizzati da Results: «randomized to FCM (n = 13) or to FDI (n = 13)»; verificato sul testo dall'utente il 2026-09-29"
NCT02905539,32654663,FCM,FCM,1000,1000 d0,13,13,altro,P1,primaria,0.65,< 2.0 mg/dL,0,,,,,,,1,"Additional file 5: Table S4, Visit 3 (day 1)",«FCM 0 / 13 0 / 13 9 / 12 (75 %) 3 / 12 (25 %)»,supplementare,consenso,no,"prevalenza puntuale alla visita 3 (day 1), non incidenza cumulativa; soglia non ripetuta in Table S4, presa dall'endpoint primario (Methods «< 2.0 mg/dL»); n_randomizzati da Results (13 per braccio)"
NCT02905539,32654663,FDI,FDI,1000,1000 d0,13,13,altro,P1,primaria,0.65,< 2.0 mg/dL,0,,,,,,,1,"Additional file 5: Table S4, Visit 3 (day 1)",«FDI 0 / 13 0 / 13 1 / 13 (8 %) 1 / 13 (8 %)»,supplementare,consenso,no,"prevalenza puntuale alla visita 3 (day 1), non incidenza cumulativa; soglia non ripetuta in Table S4, presa dall'endpoint primario (Methods «< 2.0 mg/dL»); n_randomizzati da Results (13 per braccio)"
NCT02905539,32654663,FCM,FCM,1000,1000 d0,13,12,altro,P1,primaria,0.65,< 2.0 mg/dL,9,,,,,,,5-9,"Additional file 5: Table S4, Visit 4 (day 5 – 9)",«FCM 0 / 13 0 / 13 9 / 12 (75 %) 3 / 12 (25 %)»,supplementare,consenso,no,"prevalenza puntuale alla visita 4 (day 5-9); soglia non ripetuta in Table S4, presa dall'endpoint primario (Methods «< 2.0 mg/dL»); 1 ritiro del consenso FCM dopo la visita 3 («leaving 25 participants for analysis»); n_randomizzati da Results (13 per braccio)"
NCT02905539,32654663,FDI,FDI,1000,1000 d0,13,13,altro,P1,primaria,0.65,< 2.0 mg/dL,1,,,,,,,5-9,"Additional file 5: Table S4, Visit 4 (day 5 – 9)",«FDI 0 / 13 0 / 13 1 / 13 (8 %) 1 / 13 (8 %)»,supplementare,consenso,no,"prevalenza puntuale alla visita 4 (day 5-9); soglia non ripetuta in Table S4, presa dall'endpoint primario (Methods «< 2.0 mg/dL»); n_randomizzati da Results (13 per braccio)"
NCT02905539,32654663,FCM,FCM,1000,1000 d0,13,12,altro,S3,primaria,0.65,< 2.0 mg/dL,3,,,,,,,33-37,"Additional file 5: Table S4, Visit 5 (day 33 – 37)",«FCM 0 / 13 0 / 13 9 / 12 (75 %) 3 / 12 (25 %)»,supplementare,consenso,si,"ipofosfatemia all'ultima visita (visita 5, day 35 ± 2); soglia non ripetuta in Table S4, presa dall'endpoint primario (Methods «< 2.0 mg/dL»); 1 ritiro del consenso FCM dopo la visita 3; n_randomizzati da Results (13 per braccio); verificato sul testo dall'utente il 2026-09-29"
NCT02905539,32654663,FDI,FDI,1000,1000 d0,13,13,altro,S3,primaria,0.65,< 2.0 mg/dL,1,,,,,,,33-37,"Additional file 5: Table S4, Visit 5 (day 33 – 37)",«FDI 0 / 13 0 / 13 1 / 13 (8 %) 1 / 13 (8 %)»,supplementare,consenso,si,"ipofosfatemia all'ultima visita (visita 5, day 35 ± 2); soglia non ripetuta in Table S4, presa dall'endpoint primario (Methods «< 2.0 mg/dL»); n_randomizzati da Results (13 per braccio); verificato sul testo dall'utente il 2026-09-29"
NCT02905539,32654663,FCM,FCM,1000,1000 d0,13,,altro,S4,primaria,,,,,3.2,0.4,ds,valore-a-tempo,mg/dL,0,"Table 2, Phosphorus [mg/dL], FCM V2",«Phosphorus [mg/dL] | 3.2 ± 0.4 | 3.3 ± 0.5 | 1.9 ± 0.3 | 2.5 ± 0.8»,fulltext,consenso,no,"valore basale (V2, day 0 prima dell'infusione); n per visita non riportato in Table 2; media ± SD (Statistical analysis: «Continuous data are expressed as mean ± SD»); n_randomizzati da Results (13 per braccio)"
NCT02905539,32654663,FCM,FCM,1000,1000 d0,13,,altro,S4,primaria,,,,,3.3,0.5,ds,valore-a-tempo,mg/dL,1,"Table 2, Phosphorus [mg/dL], FCM V3",«Phosphorus [mg/dL] | 3.2 ± 0.4 | 3.3 ± 0.5 | 1.9 ± 0.3 | 2.5 ± 0.8»,fulltext,consenso,no,"V3, day 1; n per visita non riportato in Table 2; media ± SD; n_randomizzati da Results (13 per braccio)"
NCT02905539,32654663,FCM,FCM,1000,1000 d0,13,,altro,S4,primaria,,,,,1.9,0.3,ds,valore-a-tempo,mg/dL,5-9,"Table 2, Phosphorus [mg/dL], FCM V4",«Phosphorus [mg/dL] | 3.2 ± 0.4 | 3.3 ± 0.5 | 1.9 ± 0.3 | 2.5 ± 0.8»,fulltext,consenso,no,"V4, day 7 ± 2 (valori numericamente più bassi, Results); n per visita non riportato in Table 2; media ± SD; n_randomizzati da Results (13 per braccio)"
NCT02905539,32654663,FCM,FCM,1000,1000 d0,13,,altro,S4,primaria,,,,,2.5,0.8,ds,valore-a-tempo,mg/dL,33-37,"Table 2, Phosphorus [mg/dL], FCM V5",«Phosphorus [mg/dL] | 3.2 ± 0.4 | 3.3 ± 0.5 | 1.9 ± 0.3 | 2.5 ± 0.8»,fulltext,consenso,si,"V5, day 35 ± 2; n per visita non riportato in Table 2; media ± SD; n_randomizzati da Results (13 per braccio); valore finale (non variazione dal basale): la fonte non dà la DS della variazione; verificato sul testo dall'utente il 2026-09-29"
NCT02905539,32654663,FDI,FDI,1000,1000 d0,13,,altro,S4,primaria,,,,,3.6,0.6,ds,valore-a-tempo,mg/dL,0,"Table 2, Phosphorus [mg/dL], FDI V2",«3.6 ± 0.6 | 3.8 ± 0.7 | 2.7 ± 0.6 | 3.2 ± 0.6 | < 0.001 | 0.537 | 0.005 | 0.249»,fulltext,consenso,no,"valore basale (V2, day 0 prima dell'infusione); n per visita non riportato in Table 2; media ± SD (Statistical analysis: «Continuous data are expressed as mean ± SD»); n_randomizzati da Results (13 per braccio)"
NCT02905539,32654663,FDI,FDI,1000,1000 d0,13,,altro,S4,primaria,,,,,3.8,0.7,ds,valore-a-tempo,mg/dL,1,"Table 2, Phosphorus [mg/dL], FDI V3",«3.6 ± 0.6 | 3.8 ± 0.7 | 2.7 ± 0.6 | 3.2 ± 0.6 | < 0.001 | 0.537 | 0.005 | 0.249»,fulltext,consenso,no,"V3, day 1; n per visita non riportato in Table 2; media ± SD; n_randomizzati da Results (13 per braccio)"
NCT02905539,32654663,FDI,FDI,1000,1000 d0,13,,altro,S4,primaria,,,,,2.7,0.6,ds,valore-a-tempo,mg/dL,5-9,"Table 2, Phosphorus [mg/dL], FDI V4",«3.6 ± 0.6 | 3.8 ± 0.7 | 2.7 ± 0.6 | 3.2 ± 0.6 | < 0.001 | 0.537 | 0.005 | 0.249»,fulltext,consenso,no,"V4, day 7 ± 2; confronto fra gruppi delle variazioni relative V2→V4 p = 0.005; n per visita non riportato in Table 2; media ± SD; n_randomizzati da Results (13 per braccio)"
NCT02905539,32654663,FDI,FDI,1000,1000 d0,13,,altro,S4,primaria,,,,,3.2,0.6,ds,valore-a-tempo,mg/dL,33-37,"Table 2, Phosphorus [mg/dL], FDI V5",«3.6 ± 0.6 | 3.8 ± 0.7 | 2.7 ± 0.6 | 3.2 ± 0.6 | < 0.001 | 0.537 | 0.005 | 0.249»,fulltext,consenso,si,"V5, day 35 ± 2; n per visita non riportato in Table 2; media ± SD; n_randomizzati da Results (13 per braccio); valore finale (non variazione dal basale): la fonte non dà la DS della variazione; verificato sul testo dall'utente il 2026-09-29"
EudraCT-2019-004370-26,38347520,FDI,FDI,,1000 d0 + 500 o 1000 a 1 mese,14,14,itt,P1,estesa,0.65,< 0.65 mmol/L,0,,,,,,,0-60,"Results, Intact FGF23 and phosphate, paragrafo dopo Table 4",«No moderate or severe hypophosphatemia were noted as per protocol (serum phosphate concentration < 0.65 mmol/L).»,fulltext,consenso,si,"affermazione riferita all'intero trial (zero in entrambi i bracci), ripetuta in Discussion: «there was no incidence of hypophosphatemia in the study as per the cut-off set (0.65 mmol/L)». Fosfato misurato fino a 2 mesi (visit 7, 53-60 giorni; 37015198 Table 4): finestra estesa; lo zero coprirebbe anche 0-35 ma la fonte non lo riporta per la finestra primaria. n_analizzati = randomizzati (analisi ITT dichiarata), ma non tutti hanno campioni a ogni visita (Table 4). n_randomizzati da Results, Baseline («FDI (n = 14) or FCM (n = 12)»); dose cumulativa 1500 o 2000 mg secondo Hb e peso (37015198 Table 1); dose media somministrata FDI 1428.6 (SD 331.5) mg; usata dal 2026-09-29 (decisione dell'utente) per la finestra estesa: lo stesso zero sull'intero studio è usato anche per la finestra primaria, le due finestre si analizzano separatamente; verificato sul testo dall'utente il 2026-09-30"
EudraCT-2019-004370-26,38347520,FCM,FCM,,1000 d0 + 500 o 1000 a 1 mese,12,12,itt,P1,estesa,0.65,< 0.65 mmol/L,0,,,,,,,0-60,"Results, Intact FGF23 and phosphate, paragrafo dopo Table 4",«No moderate or severe hypophosphatemia were noted as per protocol (serum phosphate concentration < 0.65 mmol/L).»,fulltext,consenso,si,"affermazione riferita all'intero trial (zero in entrambi i bracci), ripetuta in Discussion: «there was no incidence of hypophosphatemia in the study as per the cut-off set (0.65 mmol/L)». Fosfato misurato fino a 2 mesi (visit 7, 53-60 giorni; 37015198 Table 4): finestra estesa; lo zero coprirebbe anche 0-35 ma la fonte non lo riporta per la finestra primaria. n_analizzati = randomizzati (analisi ITT dichiarata), ma non tutti hanno campioni a ogni visita (Table 4). n_randomizzati da Results, Baseline; dose cumulativa 1500 o 2000 mg secondo Hb e peso (37015198 Table 1); dose media somministrata FCM 1500 (SD 213.2) mg; usata dal 2026-09-29 (decisione dell'utente) per la finestra estesa: lo stesso zero sull'intero studio è usato anche per la finestra primaria, le due finestre si analizzano separatamente; verificato sul testo dall'utente il 2026-09-30"
EudraCT-2019-004370-26,38347520,FDI,FDI,,1000 d0 + 500 o 1000 a 1 mese,14,14,itt,S1,estesa,0.30,<0.3 mmol/L,0,,,,,,,0-60,"Results, Intact FGF23 and phosphate, paragrafo dopo Table 4; soglia da Supplementary Table 2",«No moderate or severe hypophosphatemia were noted as per protocol (serum phosphate concentration < 0.65 mmol/L).»,fulltext,consenso,no,"soglia di ipofosfatemia grave dal protocollo: «severe hypophosphatemia (<0.3mmol/L)» (Supplementary Table 2; 37015198 Table 2); la frase dei Results dice nessuna ipofosfatemia moderata o grave nell'intero trial, senza ripetere la soglia grave. 0.3 mmol/L non coincide con 0.32 (≤1.0 mg/dL). n_randomizzati da Results, Baseline; dose cumulativa 1500 o 2000 mg secondo Hb e peso (37015198 Table 1); denominatore ITT dichiarato dagli autori; per FCM al massimo 11 pazienti con fosfato post-basale (Table 4)"
EudraCT-2019-004370-26,38347520,FCM,FCM,,1000 d0 + 500 o 1000 a 1 mese,12,12,itt,S1,estesa,0.30,<0.3 mmol/L,0,,,,,,,0-60,"Results, Intact FGF23 and phosphate, paragrafo dopo Table 4; soglia da Supplementary Table 2",«No moderate or severe hypophosphatemia were noted as per protocol (serum phosphate concentration < 0.65 mmol/L).»,fulltext,consenso,no,"soglia di ipofosfatemia grave dal protocollo: «severe hypophosphatemia (<0.3mmol/L)» (Supplementary Table 2; 37015198 Table 2); la frase dei Results dice nessuna ipofosfatemia moderata o grave nell'intero trial, senza ripetere la soglia grave. 0.3 mmol/L non coincide con 0.32 (≤1.0 mg/dL). n_randomizzati da Results, Baseline; dose cumulativa 1500 o 2000 mg secondo Hb e peso (37015198 Table 1); denominatore ITT dichiarato dagli autori; per FCM al massimo 11 pazienti con fosfato post-basale (Table 4)"
EudraCT-2019-004370-26,38347520,FDI,FDI,,1000 d0 + 500 o 1000 a 1 mese,14,14,itt,S2,estesa,0.81,< 0.81 mmol/L,1,,,,,,,0-60,"Discussion, secondo paragrafo","«One episode of transient, non-symptomatic mild hypophosphatemia was seen (< 0.81 mmol/L) in each group.»",fulltext,consenso,si,"la fonte conta episodi, non pazienti: un episodio per braccio, quindi 1 paziente. Coerente con Supplementary Table 5 (AE non serio «Mild hypophosphatemia», FDI 1 riga) e Results, Safety («possibly one on each group being related to the study group (mild hypophosphatemia)»). Tempo dell'episodio non riportato. n_randomizzati da Results, Baseline; dose cumulativa 1500 o 2000 mg secondo Hb e peso (37015198 Table 1); denominatore ITT dichiarato dagli autori; per FCM al massimo 11 pazienti con fosfato post-basale (Table 4); verificato sul testo dall'utente il 2026-09-29"
EudraCT-2019-004370-26,38347520,FCM,FCM,,1000 d0 + 500 o 1000 a 1 mese,12,12,itt,S2,estesa,0.81,< 0.81 mmol/L,1,,,,,,,0-60,"Discussion, secondo paragrafo","«One episode of transient, non-symptomatic mild hypophosphatemia was seen (< 0.81 mmol/L) in each group.»",fulltext,consenso,si,"la fonte conta episodi, non pazienti: un episodio per braccio, quindi 1 paziente. Coerente con Supplementary Table 5 (AE non serio «Mild hypophosphatemia», FCM 1 riga). Tempo dell'episodio non riportato. n_randomizzati da Results, Baseline; dose cumulativa 1500 o 2000 mg secondo Hb e peso (37015198 Table 1); denominatore ITT dichiarato dagli autori; per FCM al massimo 11 pazienti con fosfato post-basale (Table 4); verificato sul testo dall'utente il 2026-09-29"
EudraCT-2019-004370-26,38347520,FDI,FDI,,1000 d0 + 500 o 1000 a 1 mese,14,14,altro,S4,primaria,,,,,1.37,,iqr,valore-a-tempo,mmol/L,1-2,"Table 4, Phosphate, 1–2 days post 1st infusion",«1–2 days post 1st infusion | FDI (14) | 1.37 (1.12–1.58) mmol/L | 0.647»,fulltext,consenso,no,"mediana (IQR 1.12–1.58); n = pazienti con campione alla visita; basale FDI 1.30 (1.16–1.59) n=14; giorni da 37015198 Table 4 (visit 3: 1-2 giorni dopo visit 2). n_randomizzati da Results, Baseline; dose cumulativa 1500 o 2000 mg secondo Hb e peso (37015198 Table 1)"
EudraCT-2019-004370-26,38347520,FCM,FCM,,1000 d0 + 500 o 1000 a 1 mese,12,11,altro,S4,primaria,,,,,1.23,,iqr,valore-a-tempo,mmol/L,1-2,"Table 4, Phosphate, 1–2 days post 1st infusion",«FCM (11) | 1.23 (1.04–1.35) mmol/L»,fulltext,consenso,no,"mediana (IQR 1.04–1.35); p FDI vs FCM 0.647; n = pazienti con campione alla visita; basale FCM 1.20 (1.07–1.38) n=12; giorni da 37015198 Table 4 (visit 3). n_randomizzati da Results, Baseline; dose cumulativa 1500 o 2000 mg secondo Hb e peso (37015198 Table 1)"
EudraCT-2019-004370-26,38347520,FDI,FDI,,1000 d0 + 500 o 1000 a 1 mese,14,13,altro,S4,primaria,,,,,1.26,,iqr,valore-a-tempo,mmol/L,11-17,"Table 4, Phosphate, 2 weeks; Results, Intact FGF23 and phosphate",«A significant difference was observed in phosphate concentration at 2 weeks (FDI: 1.26 (IQR: 1.05–1.66) mmol/L vs. FCM: 1.09 (IQR: 0.94–1.23) mmol/L; p = 0.049)»,fulltext,consenso,no,"mediana (IQR 1.05–1.66); n = pazienti con campione alla visita (Table 4: FDI (13)); giorni da 37015198 Table 4 (visit 4: 11-17 giorni). n_randomizzati da Results, Baseline; dose cumulativa 1500 o 2000 mg secondo Hb e peso (37015198 Table 1)"
EudraCT-2019-004370-26,38347520,FCM,FCM,,1000 d0 + 500 o 1000 a 1 mese,12,10,altro,S4,primaria,,,,,1.09,,iqr,valore-a-tempo,mmol/L,11-17,"Table 4, Phosphate, 2 weeks; Results, Intact FGF23 and phosphate",«A significant difference was observed in phosphate concentration at 2 weeks (FDI: 1.26 (IQR: 1.05–1.66) mmol/L vs. FCM: 1.09 (IQR: 0.94–1.23) mmol/L; p = 0.049)»,fulltext,consenso,no,"mediana (IQR 0.94–1.23); n = pazienti con campione alla visita (Table 4: FCM (10)); giorni da 37015198 Table 4 (visit 4: 11-17 giorni). Mediana più bassa del braccio FCM fra le visite riportate, ma la fonte non la chiama nadir. n_randomizzati da Results, Baseline; dose cumulativa 1500 o 2000 mg secondo Hb e peso (37015198 Table 1)"
EudraCT-2019-004370-26,38347520,FDI,FDI,,1000 d0 + 500 o 1000 a 1 mese,14,12,altro,S4,primaria,,,,,1.18,,iqr,valore-a-tempo,mmol/L,25-35,"Table 4, Phosphate, 1 month (2nd infusion)",«1 month (2nd infusion) | FDI (12) | 1.18 (1.07–1.57) mmol/L | 0.449»,fulltext,consenso,no,"mediana (IQR 1.07–1.57); n = pazienti con campione alla visita; giorni da 37015198 Table 4 (visit 5: 25-35 giorni, seconda infusione). n_randomizzati da Results, Baseline; dose cumulativa 1500 o 2000 mg secondo Hb e peso (37015198 Table 1)"
EudraCT-2019-004370-26,38347520,FCM,FCM,,1000 d0 + 500 o 1000 a 1 mese,12,11,altro,S4,primaria,,,,,1.14,,iqr,valore-a-tempo,mmol/L,25-35,"Table 4, Phosphate, 1 month (2nd infusion)",«FCM (11) | 1.14 (0.95–1.31) mmol/L»,fulltext,consenso,no,"mediana (IQR 0.95–1.31); p FDI vs FCM 0.449; n = pazienti con campione alla visita; giorni da 37015198 Table 4 (visit 5: 25-35 giorni). n_randomizzati da Results, Baseline; dose cumulativa 1500 o 2000 mg secondo Hb e peso (37015198 Table 1)"
EudraCT-2019-004370-26,38347520,FDI,FDI,,1000 d0 + 500 o 1000 a 1 mese,14,9,altro,S4,primaria,,,,,1.23,,iqr,valore-a-tempo,mmol/L,26-37,"Table 4, Phosphate, 1–2 days post 2nd infusion",«1–2 days post 2nd infusion | FDI (9) | 1.23 (1.15–1.66) mmol/L | 0.065»,fulltext,consenso,no,"mediana (IQR 1.15–1.66); misura dopo la seconda dose (ricevuta da 10 FDI secondo 37884522); n = pazienti con campione alla visita; giorni da 37015198 Table 4 (visit 6: 26-37 giorni dopo visit 2). n_randomizzati da Results, Baseline; dose cumulativa 1500 o 2000 mg secondo Hb e peso (37015198 Table 1)"
EudraCT-2019-004370-26,38347520,FCM,FCM,,1000 d0 + 500 o 1000 a 1 mese,12,10,altro,S4,primaria,,,,,1.11,,iqr,valore-a-tempo,mmol/L,26-37,"Table 4, Phosphate, 1–2 days post 2nd infusion",«FCM (10) | 1.11 (0.91–1.36) mmol/L»,fulltext,consenso,no,"mediana (IQR 0.91–1.36); p FDI vs FCM 0.065; misura dopo la seconda dose (ricevuta da 11 FCM secondo 37884522); n = pazienti con campione alla visita; giorni da 37015198 Table 4 (visit 6: 26-37 giorni). n_randomizzati da Results, Baseline; dose cumulativa 1500 o 2000 mg secondo Hb e peso (37015198 Table 1)"
EudraCT-2019-004370-26,38347520,FDI,FDI,,1000 d0 + 500 o 1000 a 1 mese,14,13,altro,S4,estesa,,,,,1.33,,iqr,valore-a-tempo,mmol/L,53-60,"Table 4, Phosphate, 2 months",«2 months | FDI (13) | 1.33 (1.13–1.67) mmol/L | 0.057 | Within FDI: 0.278»,fulltext,consenso,no,"mediana (IQR 1.13–1.67); n = pazienti con campione alla visita; giorni da 37015198 Table 4 (visit 7: 53-60 giorni). n_randomizzati da Results, Baseline; dose cumulativa 1500 o 2000 mg secondo Hb e peso (37015198 Table 1)"
EudraCT-2019-004370-26,38347520,FCM,FCM,,1000 d0 + 500 o 1000 a 1 mese,12,10,altro,S4,estesa,,,,,1.13,,iqr,valore-a-tempo,mmol/L,53-60,"Table 4, Phosphate, 2 months",«FCM (10) | 1.13 (1.00–1.22) mmol/L | Within FCM: 0.129»,fulltext,consenso,no,"mediana (IQR 1.00–1.22); p FDI vs FCM 0.057; n = pazienti con campione alla visita; giorni da 37015198 Table 4 (visit 7: 53-60 giorni). n_randomizzati da Results, Baseline; dose cumulativa 1500 o 2000 mg secondo Hb e peso (37015198 Table 1)"
EudraCT-2019-004370-26,37884522,FDI,FDI,,1000 d0 + 500 o 1000 a 1 mese,14,14,itt,P1,estesa,0.65,< 0.65 mmol/L,0,,,,,,,0-60,"Discussion, secondo paragrafo",«Indeed no hypophosphatemia as per protocol was detected (serum phosphate concentration < 0.65 mmol/L).»,fulltext,consenso,no,"affermazione riferita all'intero trial (zero in entrambi i bracci), senza periodo dichiarato in questa fonte; il periodo 0-60 è quello delle misure di fosfato nella primaria 38347520. Analisi secondaria ITT («All randomized participants were included»). n_randomizzati da 37884522 Results, Baseline («Fourteen participants received FDI and 12 received FCM»); dose cumulativa 1500 o 2000 mg secondo Hb e peso (37015198 Table 1); seconda dose ricevuta da 10 FDI"
EudraCT-2019-004370-26,37884522,FCM,FCM,,1000 d0 + 500 o 1000 a 1 mese,12,12,itt,P1,estesa,0.65,< 0.65 mmol/L,0,,,,,,,0-60,"Discussion, secondo paragrafo",«Indeed no hypophosphatemia as per protocol was detected (serum phosphate concentration < 0.65 mmol/L).»,fulltext,consenso,no,"affermazione riferita all'intero trial (zero in entrambi i bracci), senza periodo dichiarato in questa fonte; il periodo 0-60 è quello delle misure di fosfato nella primaria 38347520. Analisi secondaria ITT. n_randomizzati da 37884522 Results, Baseline; dose cumulativa 1500 o 2000 mg secondo Hb e peso (37015198 Table 1); seconda dose ricevuta da 11 FCM"
EudraCT-2019-004370-26,38347520,FDI,FDI,,1000 d0 + 500 o 1000 a 1 mese,14,14,itt,P1,primaria,0.65,< 0.65 mmol/L,0,,,,,,,0-35,"Results, Intact FGF23 and phosphate, paragrafo dopo Table 4",«No moderate or severe hypophosphatemia were noted as per protocol (serum phosphate concentration < 0.65 mmol/L).»,fulltext,consenso,si,"zero sull'intero studio (0-60 giorni) che implica lo zero nella finestra primaria (decisione dell'utente, 2026-09-29); affermazione riferita all'intero trial (zero in entrambi i bracci), ripetuta in Discussion: «there was no incidence of hypophosphatemia in the study as per the cut-off set (0.65 mmol/L)». Fosfato misurato fino a 2 mesi (visit 7, 53-60 giorni; 37015198 Table 4): finestra estesa; lo zero coprirebbe anche 0-35 ma la fonte non lo riporta per la finestra primaria. n_analizzati = randomizzati (analisi ITT dichiarata), ma non tutti hanno campioni a ogni visita (Table 4). n_randomizzati da Results, Baseline («FDI (n = 14) or FCM (n = 12)»); dose cumulativa 1500 o 2000 mg secondo Hb e peso (37015198 Table 1); dose media somministrata FDI 1428.6 (SD 331.5) mg; verificato sul testo dall'utente il 2026-09-29"
EudraCT-2019-004370-26,38347520,FCM,FCM,,1000 d0 + 500 o 1000 a 1 mese,12,12,itt,P1,primaria,0.65,< 0.65 mmol/L,0,,,,,,,0-35,"Results, Intact FGF23 and phosphate, paragrafo dopo Table 4",«No moderate or severe hypophosphatemia were noted as per protocol (serum phosphate concentration < 0.65 mmol/L).»,fulltext,consenso,si,"zero sull'intero studio (0-60 giorni) che implica lo zero nella finestra primaria (decisione dell'utente, 2026-09-29); affermazione riferita all'intero trial (zero in entrambi i bracci), ripetuta in Discussion: «there was no incidence of hypophosphatemia in the study as per the cut-off set (0.65 mmol/L)». Fosfato misurato fino a 2 mesi (visit 7, 53-60 giorni; 37015198 Table 4): finestra estesa; lo zero coprirebbe anche 0-35 ma la fonte non lo riporta per la finestra primaria. n_analizzati = randomizzati (analisi ITT dichiarata), ma non tutti hanno campioni a ogni visita (Table 4). n_randomizzati da Results, Baseline; dose cumulativa 1500 o 2000 mg secondo Hb e peso (37015198 Table 1); dose media somministrata FCM 1500 (SD 213.2) mg; verificato sul testo dall'utente il 2026-09-29"
EudraCT-2019-004370-26,38347520,FDI,FDI,,1000 d0 + 500 o 1000 a 1 mese,14,14,itt,S1,primaria,0.30,<0.3 mmol/L,0,,,,,,,0-35,"Results, Intact FGF23 and phosphate, paragrafo dopo Table 4; soglia da Supplementary Table 2",«No moderate or severe hypophosphatemia were noted as per protocol (serum phosphate concentration < 0.65 mmol/L).»,fulltext,consenso,no,"zero sull'intero studio (0-60 giorni) che implica lo zero nella finestra primaria (decisione dell'utente, 2026-09-29); soglia di ipofosfatemia grave dal protocollo: «severe hypophosphatemia (<0.3mmol/L)» (Supplementary Table 2; 37015198 Table 2); la frase dei Results dice nessuna ipofosfatemia moderata o grave nell'intero trial, senza ripetere la soglia grave. 0.3 mmol/L non coincide con 0.32 (≤1.0 mg/dL). n_randomizzati da Results, Baseline; dose cumulativa 1500 o 2000 mg secondo Hb e peso (37015198 Table 1); denominatore ITT dichiarato dagli autori; per FCM al massimo 11 pazienti con fosfato post-basale (Table 4); verificato sul testo dall'utente il 2026-09-29; non usata dal 2026-09-29 (decisione dell'utente): soglia 0.30 mmol/L sotto la soglia S1 di 0.32 e nessuna soglia di protocollo inferiore, quindi il trial non entra in S1 (protocollo §6.4, soglia più vicina per difetto)"
EudraCT-2019-004370-26,38347520,FCM,FCM,,1000 d0 + 500 o 1000 a 1 mese,12,12,itt,S1,primaria,0.30,<0.3 mmol/L,0,,,,,,,0-35,"Results, Intact FGF23 and phosphate, paragrafo dopo Table 4; soglia da Supplementary Table 2",«No moderate or severe hypophosphatemia were noted as per protocol (serum phosphate concentration < 0.65 mmol/L).»,fulltext,consenso,no,"zero sull'intero studio (0-60 giorni) che implica lo zero nella finestra primaria (decisione dell'utente, 2026-09-29); soglia di ipofosfatemia grave dal protocollo: «severe hypophosphatemia (<0.3mmol/L)» (Supplementary Table 2; 37015198 Table 2); la frase dei Results dice nessuna ipofosfatemia moderata o grave nell'intero trial, senza ripetere la soglia grave. 0.3 mmol/L non coincide con 0.32 (≤1.0 mg/dL). n_randomizzati da Results, Baseline; dose cumulativa 1500 o 2000 mg secondo Hb e peso (37015198 Table 1); denominatore ITT dichiarato dagli autori; per FCM al massimo 11 pazienti con fosfato post-basale (Table 4); verificato sul testo dall'utente il 2026-09-29; non usata dal 2026-09-29 (decisione dell'utente): soglia 0.30 mmol/L sotto la soglia S1 di 0.32 e nessuna soglia di protocollo inferiore, quindi il trial non entra in S1 (protocollo §6.4, soglia più vicina per difetto)"
NCT03957057,41375693,FCM,FCM,,1000 d0 + 500 o 1000 d7 se necessario,100,95,altro,S2,primaria,0.83,<0.83 mmol/L,3,,,,,,,42,Results par. 3 (testo di Table 2); Abstract; definizione in §2.4,«Hypophosphatemia was reported in seven patients ... 3.1% (3 out of 95) in the FCM group»,fulltext,consenso,si,"fosfato misurato solo all'inclusione e a 6 settimane post-partum (una sola misura post-trattamento, che coincide con l'ultima visita): soglia vera 0.83 mmol/L (<2.57 mg/dL), esito primario di 41375693; denominatore = pazienti con fosfato a 6 settimane (esclusi persi al follow-up e trasfuse), gli autori lo chiamano intention-to-treat; 71/95 hanno ricevuto 2 dosi FCM, tutte 1000 mg come prima dose, 6/71 1000 mg come seconda (Results par. 2); dose cumulativa 1000, 1500 o 2000 mg secondo formula di Ganzoni modificata; n_randomizzati da EPMC-PPR609550 Figure 1; giorno 42 = 6 settimane post-partum, prima dose entro 48 h dal parto; verificato sul testo dall'utente il 2026-09-29"
NCT03957057,41375693,FDI,FDI,,fino a 1500 d0 + resto d7 se necessario,100,93,altro,S2,primaria,0.83,<0.83 mmol/L,2,,,,,,,42,Results par. 3 (testo di Table 2); Abstract; definizione in §2.4,«vs. 2.2% (2 out of 93) in the FDI group»,fulltext,consenso,si,"fosfato misurato solo all'inclusione e a 6 settimane post-partum (una sola misura post-trattamento, che coincide con l'ultima visita): soglia vera 0.83 mmol/L (<2.57 mg/dL), esito primario di 41375693; denominatore = pazienti con fosfato a 6 settimane (esclusi persi al follow-up e trasfuse), gli autori lo chiamano intention-to-treat; 6/93 hanno ricevuto una seconda dose FDI (Results par. 2); dose cumulativa 1000, 1500 o 2000 mg secondo formula di Ganzoni modificata; n_randomizzati da EPMC-PPR609550 Figure 1; giorno 42 = 6 settimane post-partum, prima dose entro 48 h dal parto; verificato sul testo dall'utente il 2026-09-29"
NCT03957057,41375693,FCM,FCM,,1000 d0 + 500 o 1000 d7 se necessario,100,95,altro,S1,primaria,0.34,<0.34 mmol/L,0,,,,,,,42,Discussion par. 4; definizione in §2.4,"«there were only a few cases of hypophosphatemia distributed equally among groups, and no cases of severe hypophosphatemia in the IV iron groups»",fulltext,consenso,si,"soglia vera <0.34 mmol/L (<1.05 mg/dL) a 6 settimane, secondario prespecificato; zero dichiarato dalla fonte per i gruppi EV; denominatore 95 preso dal testo sull'ipofosfatemia (3 out of 95), non scritto accanto allo zero; l'unico caso grave (0.29 mmol/L) era nel braccio orale; dose cumulativa 1000, 1500 o 2000 mg secondo Ganzoni; n_randomizzati da EPMC-PPR609550 Figure 1; verificato sul testo dall'utente il 2026-09-29"
NCT03957057,41375693,FDI,FDI,,fino a 1500 d0 + resto d7 se necessario,100,93,altro,S1,primaria,0.34,<0.34 mmol/L,0,,,,,,,42,Discussion par. 4; definizione in §2.4,"«there were only a few cases of hypophosphatemia distributed equally among groups, and no cases of severe hypophosphatemia in the IV iron groups»",fulltext,consenso,si,"soglia vera <0.34 mmol/L (<1.05 mg/dL) a 6 settimane, secondario prespecificato; zero dichiarato dalla fonte per i gruppi EV; denominatore 93 preso dal testo sull'ipofosfatemia (2 out of 93), non scritto accanto allo zero; dose cumulativa 1000, 1500 o 2000 mg secondo Ganzoni; n_randomizzati da EPMC-PPR609550 Figure 1; verificato sul testo dall'utente il 2026-09-29"
NCT03957057,41375693,FCM,FCM,,1000 d0 + 500 o 1000 d7 se necessario,100,95,altro,S4,primaria,,,,,1.24,,iqr,valore-a-tempo,mmol/L,42,Abstract (Results),"«1.24 mmol/L (inter-quartile range (IQR) 1.10–1.35; equivalent to 3.84 mg/dL, IQR 3.41–4.19) in the FCM group»",fulltext,consenso,no,"valore in media = mediana; IQR 1.10–1.35 (non trascrivibile in ds come numero singolo); p = 0.86 fra i tre gruppi; n_analizzati non scritto accanto al dato, preso dal testo sull'ipofosfatemia (95): Table 2 non presente nel fulltext convertito, da verificare; variazione dal basale prespecificata (§2.4) non leggibile nel testo convertito; dose cumulativa 1000, 1500 o 2000 mg secondo Ganzoni; n_randomizzati da EPMC-PPR609550 Figure 1"
NCT03957057,41375693,FDI,FDI,,fino a 1500 d0 + resto d7 se necessario,100,93,altro,S4,primaria,,,,,1.23,,iqr,valore-a-tempo,mmol/L,42,Abstract (Results),"«1.23 mmol/L (IQR 1.09–1.35; equivalent to 3.81 mg/dL, IQR 3.38–4.19) in the FDI group»",fulltext,consenso,no,"valore in media = mediana; IQR 1.09–1.35 (non trascrivibile in ds come numero singolo); p = 0.86 fra i tre gruppi; n_analizzati non scritto accanto al dato, preso dal testo sull'ipofosfatemia (93): Table 2 non presente nel fulltext convertito, da verificare; variazione dal basale prespecificata (§2.4) non leggibile nel testo convertito; dose cumulativa 1000, 1500 o 2000 mg secondo Ganzoni; n_randomizzati da EPMC-PPR609550 Figure 1"
NCT03957057,38337452,ferric carboxymaltose,FCM,,1000 d0 + resto d7 se necessario,100,100,safety,S6,primaria,,,0,,,,,,,0-42,"Results, ultimo paragrafo",«There were no cases of severe anaphylaxis with hemodynamic compromise or angioedema in any of the participants.»,fulltext,consenso,si,"definizione della fonte: severe anaphylaxis with hemodynamic compromise or angioedema; nessun criterio NIAID/FAAN, WAO o Ring & Messmer dichiarato; zero dichiarato per tutte le partecipanti; denominatore = Received allocated intervention (n=100) da EPMC-PPR609550 Figure 1 (Figure 1 di 38337452 non presente nel testo convertito); follow-up 6 settimane, regola 8; dose cumulativa 1000, 1500 o 2000 mg secondo Ganzoni; verificato sul testo dall'utente il 2026-09-29"
NCT03957057,38337452,ferric derisomaltose,FDI,,fino a 1500 d0 + resto d7 se necessario,100,100,safety,S6,primaria,,,0,,,,,,,0-42,"Results, ultimo paragrafo",«There were no cases of severe anaphylaxis with hemodynamic compromise or angioedema in any of the participants.»,fulltext,consenso,si,"definizione della fonte: severe anaphylaxis with hemodynamic compromise or angioedema; nessun criterio NIAID/FAAN, WAO o Ring & Messmer dichiarato; zero dichiarato per tutte le partecipanti; denominatore = Received allocated intervention (n=100) da EPMC-PPR609550 Figure 1 (Figure 1 di 38337452 non presente nel testo convertito); follow-up 6 settimane, regola 8; dose cumulativa 1000, 1500 o 2000 mg secondo Ganzoni; verificato sul testo dall'utente il 2026-09-29"
NCT03957057,38337452,ferric carboxymaltose,FCM,,1000 d0 + resto d7 se necessario,100,100,safety,S7,primaria,,,4,,,,,,,0-42,"Results, ultimo paragrafo",«Urticarial rash or general pruritus without rash was noted in four participants while receiving intravenous ferric carboxymaltose»,fulltext,consenso,si,"termine della fonte: urticarial rash or general pruritus without rash durante l'infusione, risolti spontaneamente; la fonte non usa la parola hypersensitivity (reazioni cutanee infusionali); nessun caso di Fishbane riportato per FCM ma lo zero non è dichiarato; denominatore = Received allocated intervention (n=100) da EPMC-PPR609550 Figure 1; follow-up 6 settimane, regola 8; dose cumulativa 1000, 1500 o 2000 mg secondo Ganzoni; il paragrafo elenca per braccio tutti gli eventi legati all'infusione: valore trattato come totale di S7 del braccio (decisione dell'utente, 2026-09-29); verificato sul testo dall'utente il 2026-09-29"
NCT03957057,38337452,ferric derisomaltose,FDI,,fino a 1500 d0 + resto d7 se necessario,100,100,safety,S7,primaria,,,1,,,,,,,0-42,"Results, ultimo paragrafo","«one case of a Fishbane reaction [23] with lumbar musculature spasm, which resolved spontaneously within minutes of stopping the application»",fulltext,consenso,si,"termine della fonte: Fishbane reaction (reazione infusionale), con sospensione dell'infusione (EPMC-PPR609550 Figure 1: Discontinued intervention (Fishbane reaction) n=1); termine diverso da quello del braccio FCM (urticaria/prurito): nessuna urticaria/prurito riportata per FDI ma lo zero non è dichiarato; l'iperpigmentazione cutanea da stravaso (1 caso FDI) non è ipersensibilità e non è estratta; denominatore = Received allocated intervention (n=100) da EPMC-PPR609550 Figure 1; follow-up 6 settimane, regola 8; dose cumulativa 1000, 1500 o 2000 mg secondo Ganzoni; il paragrafo elenca per braccio tutti gli eventi legati all'infusione: valore trattato come totale di S7 del braccio (decisione dell'utente, 2026-09-29); verificato sul testo dall'utente il 2026-09-29"
NCT03957057,EPMC-PPR609550,Intravenous ferric carboxymaltose,FCM,,1000 d0 + resto d7 se necessario,100,100,safety,S6,primaria,,,0,,,,,,,0-42,Results p. 13; Figure 1 p. 7,«There were no cases of severe anaphylaxis with hemodynamic compromise or angioedema in any of the participants.»,fulltext,consenso,no,"definizione della fonte: severe anaphylaxis with hemodynamic compromise or angioedema; nessun criterio NIAID/FAAN, WAO o Ring & Messmer dichiarato; zero dichiarato per tutte le partecipanti; denominatore = Received allocated intervention (n=100), Figure 1; preprint di 38337452 (testo da docx/PDF); follow-up 6 settimane, regola 8; dose cumulativa 1000, 1500 o 2000 mg secondo Ganzoni, nessuna paziente oltre 2500 mg"
NCT03957057,EPMC-PPR609550,Intravenous ferric derisomaltose,FDI,,fino a 1500 d0 + resto d7 se necessario,100,100,safety,S6,primaria,,,0,,,,,,,0-42,Results p. 13; Figure 1 p. 7,«There were no cases of severe anaphylaxis with hemodynamic compromise or angioedema in any of the participants.»,fulltext,consenso,no,"definizione della fonte: severe anaphylaxis with hemodynamic compromise or angioedema; nessun criterio NIAID/FAAN, WAO o Ring & Messmer dichiarato; zero dichiarato per tutte le partecipanti; denominatore = Received allocated intervention (n=100), Figure 1; preprint di 38337452 (testo da docx/PDF); follow-up 6 settimane, regola 8; dose cumulativa 1000, 1500 o 2000 mg secondo Ganzoni, nessuna paziente oltre 2500 mg"
NCT03957057,EPMC-PPR609550,Intravenous ferric carboxymaltose,FCM,,1000 d0 + resto d7 se necessario,100,100,safety,S7,primaria,,,4,,,,,,,0-42,Results p. 13; Figure 1 p. 7,«Urticarial rash or general pruritus without rash was noted in four participants while receiving intravenous ferric carboxymaltose»,fulltext,consenso,no,"termine della fonte: urticarial rash or general pruritus without rash durante l'infusione, risolti spontaneamente; la fonte non usa la parola hypersensitivity; nessun caso di Fishbane riportato per FCM ma lo zero non è dichiarato; denominatore = Received allocated intervention (n=100), Figure 1; follow-up 6 settimane, regola 8; dose cumulativa 1000, 1500 o 2000 mg secondo Ganzoni"
NCT03957057,EPMC-PPR609550,Intravenous ferric derisomaltose,FDI,,fino a 1500 d0 + resto d7 se necessario,100,100,safety,S7,primaria,,,1,,,,,,,0-42,Results p. 13; Figure 1 p. 7,"«one case of Fishbane reaction with lumbar musculature spasm, which resolved spontaneously within minutes from stopping the application»",fulltext,consenso,no,"termine della fonte: Fishbane reaction (reazione infusionale), infusione sospesa (Figure 1: Discontinued intervention (Fishbane reaction) n=1); termine diverso da quello del braccio FCM (urticaria/prurito): nessuna urticaria/prurito riportata per FDI ma lo zero non è dichiarato; iperpigmentazione da stravaso (1 caso) non estratta; denominatore = Received allocated intervention (n=100), Figure 1; follow-up 6 settimane, regola 8; dose cumulativa 1000, 1500 o 2000 mg secondo Ganzoni"
CTRI/2020/09/027730,39909327,IV ferric derisomaltose,FDI,,20 mg/kg (max 1000 mg) dose singola d0,1456,1422,altro,P1,primaria,,non dichiarata nella fonte,25,,,,,,,14,"Table 3, p. 120.e14","«Hypophosphatemia at visit 4 (2 wk after IV iron infusion) | 25/1422 1.8% (1.1%, 2.6%)»",fulltext,consenso,no,"SOGLIA NON DICHIARATA: né l'articolo né il protocollo pubblicato (34556166) definiscono l'ipofosfatemia (rinvio ad Appendix 1, non nel corpus); codice P1 solo descrittivo: riga non usata (usa_in_analisi = no) perché la soglia non è dichiarata, decisione dell'utente; visita 4 = unica misura del fosfato nella finestra primaria (2 settimane dopo l'infusione), non duplicata come S3; denominatore = pazienti con fosfato a visita 4 dentro la safety cohort (Table 3, N=1454, per trattamento ricevuto); n_randomizzati da Table 1 (ITT); dose cumulativa variabile col peso (20 mg/kg, max 1000 mg), dose piena ricevuta da 1436/1456 («910 mg of ferric derisomaltose», Results)"
CTRI/2020/09/027730,39909327,IV ferric carboxymaltose,FCM,,20 mg/kg (max 1000 mg) dose singola d0,1462,1432,altro,P1,primaria,,non dichiarata nella fonte,62,,,,,,,14,"Table 3, p. 120.e14","«Hypophosphatemia at visit 4 (2 wk after IV iron infusion) | 62/1432 4.3% (3.3%, 5.5%)»",fulltext,consenso,no,"SOGLIA NON DICHIARATA: né l'articolo né il protocollo pubblicato (34556166) definiscono l'ipofosfatemia (rinvio ad Appendix 1, non nel corpus); codice P1 solo descrittivo: riga non usata (usa_in_analisi = no) perché la soglia non è dichiarata, decisione dell'utente; visita 4 = unica misura del fosfato nella finestra primaria (2 settimane dopo l'infusione), non duplicata come S3; denominatore = pazienti con fosfato a visita 4 dentro la safety cohort (Table 3, N=1451, per trattamento ricevuto); n_randomizzati da Table 1 (ITT); dose cumulativa variabile col peso (20 mg/kg, max 1000 mg), dose piena ricevuta da 1448/1462 («920 mg of ferric carboxymaltose», Results)"
CTRI/2020/09/027730,39909327,IV ferric derisomaltose,FDI,,20 mg/kg (max 1000 mg) dose singola d0,1456,1341,altro,S3,estesa,,non dichiarata nella fonte,21,,,,,,,,"Table 3, p. 120.e14","«Hypophosphatemia at visit 9 (6 wk after delivery) | 21/1341 1.6% (1.0%, 2.4%)»",fulltext,consenso,no,"visita 9 = 6 settimane dopo il parto (mesi dopo l'infusione a 14-17 settimane; giorno non calcolato); SOGLIA NON DICHIARATA (vedi riga P1); prevalenza trasversale a visita 9, non persistenza individuale; possibile contaminazione da ferro EV non di studio (nonresponder «often receiving an additional dose of ferric carboxymaltose», Comment; nonstudy iron any time 149/1437, Table 2); denominatore = pazienti con fosfato a visita 9 nella safety cohort (N=1454); n_randomizzati da Table 1"
CTRI/2020/09/027730,39909327,IV ferric carboxymaltose,FCM,,20 mg/kg (max 1000 mg) dose singola d0,1462,1325,altro,S3,estesa,,non dichiarata nella fonte,33,,,,,,,,"Table 3, p. 120.e14","«Hypophosphatemia at visit 9 (6 wk after delivery) | 33/1325 2.5% (1.7%, 3.5%)»",fulltext,consenso,no,"visita 9 = 6 settimane dopo il parto (mesi dopo l'infusione a 14-17 settimane; giorno non calcolato); SOGLIA NON DICHIARATA (vedi riga P1); prevalenza trasversale a visita 9, non persistenza individuale; possibile contaminazione da ferro EV non di studio (nonstudy iron any time 166/1444, Table 2); denominatore = pazienti con fosfato a visita 9 nella safety cohort (N=1451); n_randomizzati da Table 1"
CTRI/2020/09/027730,39909327,IV ferric derisomaltose,FDI,,20 mg/kg (max 1000 mg) dose singola d0,1456,1454,safety,S7,primaria,,,340,,,,,,,0,"Table 3, p. 120.e14","«Infusion-related reaction probably/highly probably related to intervention | 340/1454 23.4% (21.2%, 25.6%)»",fulltext,consenso,si,"termine della fonte: «Infusion-related reaction probably/highly probably related to intervention»; eventi non gravi non aggiudicati (nota a di Table 3: «Unadjudicated nonsevere adverse events»); reazione infusionale, non classificata come ipersensibilità né con criteri NIAID/WAO/Ring-Messmer; safety cohort per trattamento ricevuto; n_randomizzati da Table 1; verificato sul testo dall'utente il 2026-09-29"
CTRI/2020/09/027730,39909327,IV ferric carboxymaltose,FCM,,20 mg/kg (max 1000 mg) dose singola d0,1462,1451,safety,S7,primaria,,,70,,,,,,,0,"Table 3, p. 120.e14","«Infusion-related reaction probably/highly probably related to intervention | 70/1451 4.8% (3.8%, 6.1%)»",fulltext,consenso,si,"termine della fonte: «Infusion-related reaction probably/highly probably related to intervention»; eventi non gravi non aggiudicati (nota a di Table 3: «Unadjudicated nonsevere adverse events»); reazione infusionale, non classificata come ipersensibilità né con criteri NIAID/WAO/Ring-Messmer; safety cohort per trattamento ricevuto; n_randomizzati da Table 1; verificato sul testo dall'utente il 2026-09-29"
CTRI/2020/09/027730,39909327,IV ferric derisomaltose,FDI,,20 mg/kg (max 1000 mg) dose singola d0,1456,1454,safety,S7,primaria,,,27,,,,,,,0,"Table 3, p. 120.e14","«Moderate or Severe infusion-related reaction | 27/1454 1.9% (1.2%, 2.7%)»",fulltext,consenso,no,"sensibilità: reazione infusionale moderata o severa. Termine della fonte: «Moderate or Severe infusion-related reaction», non aggiudicata (nota a di Table 3), scala di gravità non dichiarata; non assimilabile a S6 senza criteri; safety cohort; n_randomizzati da Table 1"
CTRI/2020/09/027730,39909327,IV ferric carboxymaltose,FCM,,20 mg/kg (max 1000 mg) dose singola d0,1462,1451,safety,S7,primaria,,,5,,,,,,,0,"Table 3, p. 120.e14","«Moderate or Severe infusion-related reaction | 5/1451 0.3% (0.1%, 0.8%)»",fulltext,consenso,no,"sensibilità: reazione infusionale moderata o severa. Termine della fonte: «Moderate or Severe infusion-related reaction», non aggiudicata (nota a di Table 3), scala di gravità non dichiarata; non assimilabile a S6 senza criteri; safety cohort; n_randomizzati da Table 1"
CTRI/2020/09/027730,39909327,IV ferric derisomaltose,FDI,,20 mg/kg (max 1000 mg) dose singola d0,1456,1454,safety,S7,primaria,,,130,,,,,,,0,"Table 3, p. 120.e14","«Probably/highly probably related infusion-related reaction that required medication | 130/1454 8.9% (7.5%,10.5%)»",fulltext,consenso,no,"sensibilità: reazione infusionale che ha richiesto farmaci. Termine della fonte: «Probably/highly probably related infusion-related reaction that required medication», non aggiudicata; safety cohort; n_randomizzati da Table 1"
CTRI/2020/09/027730,39909327,IV ferric carboxymaltose,FCM,,20 mg/kg (max 1000 mg) dose singola d0,1462,1451,safety,S7,primaria,,,58,,,,,,,0,"Table 3, p. 120.e14","«Probably/highly probably related infusion-related reaction that required medication | 58/1451 4.0% (3.0%,5.1%)»",fulltext,consenso,no,"sensibilità: reazione infusionale che ha richiesto farmaci. Termine della fonte: «Probably/highly probably related infusion-related reaction that required medication», non aggiudicata; safety cohort; n_randomizzati da Table 1"
CTRI/2020/09/027730,39909327,IV ferric derisomaltose,FDI,,20 mg/kg (max 1000 mg) dose singola d0,1456,1454,safety,S7,primaria,,,10,,,,,,,0,"Table 3, p. 120.e14","«Probably/highly probably related infusion-related reaction that required cessation of infusion | 10/1454 0.7% (0.3%,1.3%)»",fulltext,consenso,no,"sensibilità: reazione infusionale con interruzione dell'infusione. Termine della fonte: «Probably/highly probably related infusion-related reaction that required cessation of infusion», non aggiudicata; safety cohort; n_randomizzati da Table 1"
CTRI/2020/09/027730,39909327,IV ferric carboxymaltose,FCM,,20 mg/kg (max 1000 mg) dose singola d0,1462,1451,safety,S7,primaria,,,1,,,,,,,0,"Table 3, p. 120.e14","«Probably/highly probably related infusion-related reaction that required cessation of infusion | 1/1451 0.1% (0.0%,0.4%)»",fulltext,consenso,no,"sensibilità: reazione infusionale con interruzione dell'infusione. Termine della fonte: «Probably/highly probably related infusion-related reaction that required cessation of infusion», non aggiudicata; safety cohort; n_randomizzati da Table 1"
CTRI/2020/09/027730,39909327,IV ferric derisomaltose,FDI,,20 mg/kg (max 1000 mg) dose singola d0,1456,1454,safety,S6,primaria,,,0,,,,,,,0,"Table 3, p. 120.e14","«Infusion-related SAE | 0/1454 0.0% (0.0%, 0.3%)»",fulltext,consenso,si,"termine della fonte: «Infusion-related SAE», SAE aggiudicati da due medici indipendenti (Methods, Outcomes); nessun criterio NIAID/WAO/Ring-Messmer dichiarato; il testo riporta un solo caso di anafilassi legato all'intervento («Only 1 case of anaphylaxis was related to IV intervention», Comment p. 120.e13) senza indicare il braccio; finestra primaria perché evento legato all'infusione (periodo di raccolta non dichiarato); safety cohort; n_randomizzati da Table 1; verificato sul testo dall'utente il 2026-09-29"
CTRI/2020/09/027730,39909327,IV ferric carboxymaltose,FCM,,20 mg/kg (max 1000 mg) dose singola d0,1462,1451,safety,S6,primaria,,,1,,,,,,,0,"Table 3, p. 120.e14","«Infusion-related SAE | 1/1451 0.1% (0.0%, 0.4%)»",fulltext,consenso,si,"termine della fonte: «Infusion-related SAE», SAE aggiudicati da due medici indipendenti (Methods, Outcomes); nessun criterio NIAID/WAO/Ring-Messmer dichiarato; il testo riporta un solo caso di anafilassi legato all'intervento («Only 1 case of anaphylaxis was related to IV intervention», Comment p. 120.e13) senza indicare il braccio: l'attribuzione di quell'anafilassi a questo SAE è plausibile ma non dichiarata; finestra primaria perché evento legato all'infusione (periodo di raccolta non dichiarato); safety cohort; n_randomizzati da Table 1; verificato sul testo dall'utente il 2026-09-29"
CTRI/2023/1/048725,42111869,Arm A: i3R 1000 mg IV,FDI,1000,1000 d0,148,140,altro,S6,estesa,,,0,,,,,,,0-168,Results p. 318; Methods p. 316 (endpoint); Fig. 1,«No serious adverse events (SAE) were noted in either group (Table 3).»,fulltext,consenso,si,"definizione: co-primary safety endpoint «serious or severe hypersensitivity reaction starting on or after the first dose» (Methods p. 316), non riportato come tale; lo zero si riferisce ai soli eventi seri (nessun SAE di alcun tipo), la componente «severe» non seria non è riportata. n_randomizzati 148 e n_analizzati 140 da Fig. 1 («Analysed (n=140)», dopo esclusione dei persi al follow-up); la Table 3 somma invece 138 pazienti nella colonna i3R. i3R = iron isomaltoside (FDI). Follow-up 24 settimane.; S6 limitato alle reazioni serie (le «severe» non serie non sono riportate): analisi di sensibilità che lo esclude (decisione dell'utente, 2026-09-29); verificato sul testo dall'utente il 2026-09-29"
CTRI/2023/1/048725,42111869,Arm B: Ferric Carboxy Maltose 1000 mg IV,FCM,1000,1000 d0,151,140,altro,S6,estesa,,,0,,,,,,,0-168,Results p. 318; Methods p. 316 (endpoint); Fig. 1,«No serious adverse events (SAE) were noted in either group (Table 3).»,fulltext,consenso,si,"definizione: co-primary safety endpoint «serious or severe hypersensitivity reaction starting on or after the first dose» (Methods p. 316), non riportato come tale; lo zero si riferisce ai soli eventi seri (nessun SAE di alcun tipo), la componente «severe» non seria non è riportata. n_randomizzati 151 e n_analizzati 140 da Fig. 1 («Analysed (n=140)»); la Table 3 somma invece 142 pazienti nella colonna FCM. Follow-up 24 settimane.; S6 limitato alle reazioni serie (le «severe» non serie non sono riportate): analisi di sensibilità che lo esclude (decisione dell'utente, 2026-09-29); verificato sul testo dall'utente il 2026-09-29"
CTRI/2023/1/048725,42111869,Arm A: i3R 1000 mg IV,FDI,1000,1000 d0,148,140,altro,S8b,estesa,,,0,,,,,,,0-168,Results p. 318; Fig. 1,«No serious adverse events (SAE) were noted in either group (Table 3).»,fulltext,consenso,si,"SOC Cardiac disorders + Vascular disorders: zero dedotto dalla dichiarazione di nessun SAE in alcun braccio (non da un elenco per SOC). n_randomizzati 148, n_analizzati 140 da Fig. 1; Table 3 somma 138 nella colonna i3R.; zero dedotto da «No serious adverse events were noted in either group» (decisione dell'utente, 2026-09-29); verificato sul testo dall'utente il 2026-09-29"
CTRI/2023/1/048725,42111869,Arm B: Ferric Carboxy Maltose 1000 mg IV,FCM,1000,1000 d0,151,140,altro,S8b,estesa,,,0,,,,,,,0-168,Results p. 318; Fig. 1,«No serious adverse events (SAE) were noted in either group (Table 3).»,fulltext,consenso,si,"SOC Cardiac disorders + Vascular disorders: zero dedotto dalla dichiarazione di nessun SAE in alcun braccio (non da un elenco per SOC). n_randomizzati 151, n_analizzati 140 da Fig. 1; Table 3 somma 142 nella colonna FCM.; zero dedotto da «No serious adverse events were noted in either group» (decisione dell'utente, 2026-09-29); verificato sul testo dall'utente il 2026-09-29"
TRIAL-DOI-10.18203_2320-1770.ijrcog20250512,DOI-10.18203_2320-1770.ijrcog20250512,Iron Isomaltoside (IIM) group,FDI,,"dose calcolata con Ganzoni, infusione unica, max 1500 mg per infusione",29,29,randomizzati,S6,primaria,,,0,,,,,,,0-28,"Discussion, Adverse reactions p. 829; denominatore Table 5 p. 828","«Notably, no serious hypersensitivity reactions were observed in this study.»",fulltext,consenso,si,"definizione della fonte: «serious hypersensitivity reactions», non definite né aggiudicate; zero dichiarato a livello di studio, non per braccio in tabella. n_randomizzati 29 da Methods p. 826 («29 women in each group»); n_analizzati 29 = Total del braccio in Table 5. Follow-up 4 settimane (regola 8: finestra primaria). Dose cumulativa variabile (Ganzoni), non riportata per braccio; S6 limitato alle reazioni serie (le «severe» non serie non sono riportate): analisi di sensibilità che lo esclude (decisione dell'utente, 2026-09-29); verificato sul testo dall'utente il 2026-09-29"
TRIAL-DOI-10.18203_2320-1770.ijrcog20250512,DOI-10.18203_2320-1770.ijrcog20250512,Ferric Carboxymaltose (FCM) group,FCM,,"dose calcolata con Ganzoni, max 1000 mg per seduta; dosi successive se necessarie d7 e d14",29,29,randomizzati,S6,primaria,,,0,,,,,,,0-28,"Discussion, Adverse reactions p. 829; denominatore Table 5 p. 828","«Notably, no serious hypersensitivity reactions were observed in this study.»",fulltext,consenso,si,"definizione della fonte: «serious hypersensitivity reactions», non definite né aggiudicate; zero dichiarato a livello di studio, non per braccio in tabella. n_randomizzati 29 da Methods p. 826 («29 women in each group»); n_analizzati 29 = Total del braccio in Table 5. Follow-up 4 settimane (regola 8: finestra primaria). Dose cumulativa variabile (Ganzoni), non riportata per braccio; S6 limitato alle reazioni serie (le «severe» non serie non sono riportate): analisi di sensibilità che lo esclude (decisione dell'utente, 2026-09-29); verificato sul testo dall'utente il 2026-09-29"
