trial_id,acronimo,registri,disegno,cecita,paese,n_centri,popolazione,criterio_ferro,criterio_fosfato_basale,n_randomizzati_totale,n_randomizzati_fdi,n_randomizzati_fcm,eta_media,pct_donne,dose_fdi,dose_fcm,follow_up_giorni,esito_primario_registrato,sponsor,finanziamento,produttore_coinvolto,conflitti,pmid_fonti,pagina_o_tabella,citazione,estrattore,note
NCT03466983,PHOSPHARE-IBD,NCT03466983;EudraCT 2017-002452-87,parallelo 1:1,doppio,"Austria, Danimarca, Germania, Svezia, Regno Unito",20,"adulti con IBD (colite ulcerosa o malattia di Crohn) e anemia sideropenica, intolleranti o non responsivi al ferro orale o con necessità di ferro rapido",Hb <130 g/L e ferritina ≤100 ng/mL,fosfato >2.5 mg/dL richiesto,97,49,48,42.1,52.6,"1000 mg d0 + 500 o 1000 mg d35 (cumulativa 1500 o 2000 mg secondo Hb e peso), infusione di 20 min","1000 mg d0 + 500 o 1000 mg d35 (cumulativa 1500 o 2000 mg secondo Hb e peso), infusione di 20 min",70,"Incidence of hypophosphatemia, s-phosphate < 2 mg/dL, any time from baseline to day 35",Pharmacosmos A/S,industriale,pharmacosmos,si,36343979;38874697;NCT03466983;EUCTR-2017-002452-87;DOI-10.1093_ecco-jcc_jjab073.128;DOI-10.1016_j.jval.2022.04.1447,"36343979 Methods (Trial design, Patients, Procedures) e Table 1; EU CTR Subject disposition e B.4; CT.gov outcomesModule.primaryOutcomes[0]","«Number of subjects in period 1 Group A, iron isomaltoside Group B, ferric carboxymaltose Started 49 48»",consenso,"n_randomizzati per braccio da EU CTR (Started 49/48; baseline ITT 49/48); safety set FDI 48, FCM 49 perché 1 paziente randomizzato a FDI ha ricevuto FCM (36343979 Figure 1 nota b). L'abstract di 36343979 scrive «97 (49 FDI, 48 FCM) were included and treated» e «8.3% (4/48) FDI» mentre il testo dà FDI 48 e FCM 49 trattati: incoerenza interna dell'abstract. eta_media e pct_donne: media 42.1 (DS 14.4) e 51/97 femmine nel safety set, Table 1 di 36343979 (EU CTR ITT: 42.4 FDI, 41.7 FCM; donne 27/49 e 24/48). Randomizzazione stratificata per fosfato di screening <3.5 o ≥3.5 mg/dL. Arruolamento chiuso in anticipo per COVID-19 (pianificati 120). CT.gov: hasResults False, nessun dato per braccio. Secondario registrato s-phosphate <1.0 mg/dL (poi ≤1. S4: 36343979 mostra le variazioni del fosfato solo in Figure 2B, senza numeri nel testo; estratto solo dall'abstract DOP89. S3: 36343979 riporta che 2/43 FCM restavano ipofosfatemici a d70 (oltre la finestra primaria, nessun dato FDI): non estratto. S8b: Table 2 di 36343979 elenca tra gli SAE Deep vein thrombosis (FDI 1, FCM 0) e Intermittent claudication (FDI 0, FCM 1) senza SOC: non estratti come S8b; SOC Cardiac disorders assente dalla lista SAE di EU CTR (non registrata come zero). S7: gli AE non seri sono riportati solo sopra soglia (≥10% nel paper, ≥5% nel registro); Rash e Urticaria nel registro non sono classificati dalla fonte come ipersensibilità, quindi non estratti. S5: nessuna osteomalacia/frattura riportata. 38874697 (SF-36/SF-6D post hoc) e PCR104 (ISPOR, utility SF-6Dv2) non riportano esiti del codebook. Finanziamento: EU CTR B.4 Pharmacosmos A/S; DOP89 «Supported by Pharmacosmos A/S»; 36343979 supporto editoriale finanziato da Pharmacosmos (dichiarazione di finanziamento e conflitti assente nel fulltext convertito). Conflitti: 38874697 dichiara consulenze Pharmacosmos; DOP89 ha un autore (L.L. Thomsen) di Pharmacosmos A/S Supplemento online (Table S1-S3) disponibile dal 2026-09-29 (Europe PMC). Endpoint prespecificati non riportati: fosfato ≤1.0 mg/dL (Table S1, n. 3-4) e HSR seria o severa (n. 10) → possibile reporting selettivo (RoB 2). 3 persi al follow-up imputati come ipofosfatemici nell'analisi primaria (Table S3)."
NCT03238911,PHOSPHARE-IDA04,NCT03238911,parallelo 1:1,open-label,Stati Uniti,16,"adulti (≥18 anni) con anemia sideropenica di varia eziologia, intolleranti o non responsivi a ≥1 mese di ferro orale, eGFR ≥65 mL/min/1.73 m2; prevalentemente donne con perdite ginecologiche",Hb ≤11 g/dL e ferritina ≤100 ng/mL,fosfato >2.5 mg/dL richiesto (esclusione se <2.5 mg/dL),123,62,61,45.1,95.9,"1000 mg d0, infusione singola di circa 20 min (cumulativa 1000 mg)","750 mg d0 + 750 mg d7, infusione di almeno 15 min (cumulativa 1500 mg)",35,"Incidence of Hypophosphatemia (S-phosphate Level <2 mg/dL), baseline to day 35",Pharmacosmos A/S,industriale,pharmacosmos,si,32016310;NCT03238911;34850000;EPMC-PMC6554827,"32016310 abstract (Results), Methods (Patients, Interventions, End Points, Statistical Analysis), Figure 1A, Article Information (Funding/Support, Conflict of Interest Disclosures); CT.gov protocolSection (designModule, eligibilityModule, outcomesModule.primaryOutcomes[0], contactsLocationsModule) e participantFlowModule","«In trial A, 123 patients were randomized (mean [SD] age, 45.1 [11.0] years; 95.9% women), including 62 to iron isomaltoside and 61 to ferric carboxymaltose»",consenso,"Trial A del JAMA 32016310 = NCT03238911 (corrispondenza confermata dai numeri: registro 123 randomizzati, STARTED 62/61, safety set 63/60, identici a Figure 1A e Table 1 trial A). Gemello NCT03237065 (trial B) non estratto. Safety set FDI 63 / FCM 60 perché 1 paziente randomizzato a FCM ha ricevuto FDI per errore (Figure 1A nota b; registro participantFlowModule). eta_media: media (DS 11.0) sui randomizzati dall'abstract JAMA; il registro dà 45.1 (DS 11.0) sul safety set (BG002); Table 1: FDI 43.9, FCM 46.3. pct_donne dall'abstract JAMA (95.9%); registro: 118/123 femmine. n_centri: 16 sedi elencate in contactsLocationsModule del registro (conteggio delle voci); JAMA riporta 30 sedi per i due trial insieme. criterio_ferro: JAMA «ferritin level of 100 ng/mL or less», registro «S-ferritin < 100 ng/mL» (discordanza minima). Randomizzazione centralizzata 1:1 (IWRS), stratificata per causa ginecologica e fosfato di screening <3.5 o ≥3.5 mg/dL. Laboratorio centrale in cieco. Codice studio P-Monofer-IDA-04; nessun numero EudraCT (trial solo USA). Finanziamento: «Pharmacosmos A/S … funded the study and was the Good Clinical Practice sponsor»; Pharmacosmos ha partecipato al disegno, all'analisi dei dati e alla revisione del manoscritto; autore L.L. Thomsen dipendente Pharmacosmos; più autori con compensi Pharmacosmos (alcuni anche Vifor Pharma). DATI NON ESTRATTI perché aggregati dei due trial: 34850000 (analisi secondaria post hoc sulla coorte pooled di 242 trattati: P1 10/125 vs 87/117, S1 0 vs 13/115, persistenza a d35 46/115 FCM); EPMC-PMC6554827 (abstract OR13-3, J Endocr Soc 2019: P1 8.0% vs 74.4%, S3 0.9% vs 43.0%, S1 0.0% vs 11.3%, HSR serie o severe 0.8% vs 1.7%, tutto pooled); in 32016310 sono pooled anche S1 («11.3% of ferric carboxymaltose–treated patients in the pooled analysis»), le HSR serie o severe (1 FDI, swollen eyelid; 2 FCM, dyspnea and swelling) e S4 (Figure 3, pooled). Nel JAMA le prevalenze di ipofosfatemia ai giorni 1, 7, 8, 14, 21 (Figure 2A) non corrispondono a esiti del codebook e non sono estratte; eTable 4-6 del Supplement 3 (dati per trial di S1 e fosfato) non disponibili nel corpus: supplemento JAMA non recuperato. Registro: Relative [%] changes in s-phosphate non estratte (unità % fuori vocabolario S4); Time with hypophosphatemia non è esito del codebook. S1 nel registro è POST_HOC con denominatore FCM 59 (non 60). S7: nessuna riga; gli AE non seri sono riportati solo sopra soglia (frequencyThreshold 5%) e JAMA Table 2 elenca solo ADR ≥5%: nessun termine di ipersensibilità, silenzio non registrato come zero. S8b: nessuna riga; la lista degli SAE del registro contiene solo PT Hypersensitivity (FDI 1/63, FCM 0/60); seriousNumAffected FDI 1, FCM 0; le SOC Cardiac disorders e Vascular disorders non sono elencate (implicitamente zero, ma la fonte non lo scrive per SOC: decisione rimandata al consenso). S5: nessuna osteomalacia o frattura riportata; il JAMA dichiara «the trials did not measure clinical outcomes». S8a: nessun evento CV aggiudicato. Endpoint prespecificati non riportati: nessuno fra gli esiti del codebook nel registro (tutti gli outcome registrati hanno risultati); nel JAMA l'endpoint secondario prespecificato «serious or severe hypersensitivity» è riportato solo pooled e l'elenco completo degli endpoint (eTable 2) non è disponibile. Eventi avversi: raccolta dalla firma dell'ICF al completamento (35 giorni; screening fino a 28 giorni). Supplemento JAMA (Supplement 3, eTable 2-6) non disponibile nel vault: S1, S4 e HSR per trial presi dal registro. «Trial A» del JAMA = NCT03238911, «trial B» = NCT03237065."
NCT03237065,PHOSPHARE-IDA05,NCT03237065,parallelo 1:1,open-label,Stati Uniti,15,"adulti (≥18 anni) con anemia sideropenica di varia eziologia, intolleranti o non responsivi al ferro orale ≥1 mese, eGFR ≥65 mL/min/1.73 m2, peso >50 kg",Hb ≤11 g/dL e ferritina ≤100 ng/mL,fosfato normale richiesto: S-phosphate >2.5 mg/dL (registro; JAMA: esclusione se <2.5 mg/dL),122,61,61,42.6,94.1,1000 mg in singola infusione al giorno 0,750 mg ai giorni 0 e 7 (cumulativa 1500 mg),35,"Incidence of Hypophosphatemia (S-phosphate Level <2 mg/dL), at any time from baseline up to day 35",Pharmacosmos A/S,industriale,pharmacosmos,si,NCT03237065;32016310;34850000;EPMC-PMC6554827,"Registro protocolSection (design, eligibility, outcomes, locations) e participantFlowModule; JAMA 32016310 abstract p. 432, Methods p. 433-434, Figure 1B p. 436, Article Information p. 442","«In trial B, 122 patients were randomized (mean [SD] age, 42.6 [12.2] years; 94.1% women), including 61 to iron isomaltoside and 61 to ferric carboxymaltose» (JAMA abstract)",consenso,"eta_media = media (DS 12.2) e pct_donne dall'abstract JAMA; coincidono con registro BG002 sul safety set (42.6; 112/119 donne). n_centri = 15 sedi elencate nel registro di questo trial; JAMA riporta 30 sedi per i due trial insieme. Criterio ferritina: JAMA «≤100 ng/mL», registro «<100 ng/mL». FDI safety set 62 = 61 randomizzati + 1 randomizzato a FCM trattato per errore con FDI; FCM safety set 57 (3 non trattati). Fonti aggregate non estratte: 34850000 (analisi post hoc sui 242 trattati dei due trial, dati solo aggregati: severe 13/115, persistente 46/115 FCM) ed EPMC-PMC6554827 (abstract OR13-3, solo analisi pooled: 74.4% vs 8.0%, severe 11.3% vs 0.0%, HSR gravi 0.8% vs 1.7%). Dalla JAMA non estratti perché pooled A+B: ipofosfatemia grave ≤1.0 mg/dL (11.3% FCM pooled; per trial solo in eTable 4 del Supplement 3), reazioni di ipersensibilità serie o severe (1 FDI, 2 FCM sul totale dei due trial), variazioni del fosfato (Figure 3 pooled; dati per trial in eTable 5 del Supplement 3). Supplement 3 della JAMA non presente nel corpus (nessun 32016310-suppl). Registro: variazione relativa % del fosfato (outcomeMeasures[4]) non estratta perché l'unità non è nel vocabolario; S3 e S1 dal registro con denominatori diversi dal safety set. S5 non riportato (JAMA: «the trials did not measure clinical outcomes»); S7 non riportato né nel registro (otherEvents soglia 5% senza termini di ipersensibilità) né nella JAMA per trial; S8a non previsto. S8b ricavato dal registro: nessun SAE nel braccio FDI (0/62), un solo SAE nel braccio FCM (Dehydration), nessun SAE cardiaco o vascolare. Endpoint prespecificati del codebook senza risultati nel registro: nessuno (tutti POSTED); nella JAMA l'endpoint di ipersensibilità serie/severe e l'ipofosfatemia grave non sono riportati per singolo trial Supplemento JAMA (Supplement 3, eTable 2-6) non disponibile nel vault: S1, S4 e HSR per trial presi dal registro. «Trial A» del JAMA = NCT03238911, «trial B» = NCT03237065."
NCT02905539,HOMe aFers,NCT02905539;2015-004808-36;U1111-1176-4563;DRKS00010766,parallelo 2 bracci,doppio,Germania,1,"donne adulte con anemia sideropenica da sanguinamento uterino, intolleranza o inefficacia del ferro orale","Hb < 12 g/dL e ferritina ≤ 100 ng/mL, oppure ferritina ≤ 300 ng/mL con TSAT ≤ 30%",esclusione se fosfato plasmatico < 2.5 mg/dL allo screening,26,13,13,FDI 34; FCM 40,100,"20 mg/kg fino a un massimo di 1000 mg, infusione EV singola in 250 mL di salina in 30 min (tutte le partecipanti 1000 mg)","20 mg/kg fino a un massimo di 1000 mg, infusione EV singola in 250 mL di salina in 30 min (tutte le partecipanti 1000 mg)",35,"Incidence of hypophosphatemia: «a drop of serum phosphate below 2.0 mg/dl», from baseline to day 35",Universität des Saarlandes,industriale,pharmacosmos,si,NCT02905539;32654663,"Abstract; Methods (Study population, Endpoints, Statistical analysis); Results par. 1; Table 1; Funding; Competing interests; registro protocolSection",«26 women with iron deficiency anemia due to uterine bleeding were included and randomized to FCM (n = 13) or to FDI (n = 13)»; «supported by a financial grant from Pharmacosmos A/S»,consenso,"età come media ± SD (FDI 34 ± 11; FCM 40 ± 10, Table 1); rapporto di allocazione non dichiarato (13 vs 13); cecità: articolo «double-blinded», registro «QUADRUPLE»; investigator-initiated, sponsor accademico, unico finanziamento dichiarato grant Pharmacosmos, dipendenti Pharmacosmos hanno approvato il manoscritto; COI: Emrich onorari Pharmacosmos, Heine e Brandenburg onorari Pharmacosmos e Vifor; follow-up ultima visita day 35 ± 2 (visita 5, day 33-37); studio fermato all'analisi ad interim dopo 26 dei 60 pianificati; 1 donna FCM ha ritirato il consenso dopo l'infusione (Table S4: dopo la visita 3; testo: «before the final study visit»), set di analisi 25; registro ClinicalTrials.gov senza risultati depositati (hasResults False); nessun dato su eventi avversi, ipersensibilità (S6, S7), osteomalacia/fratture (S5), eventi CV aggiudicati o SAE per SOC (S8a, S8b): nessuna riga; aritmie Holter ed ecocardiografia riportate come variabili continue (Table 3), fuori dal codebook; endpoint prespecificati del codebook non riportati: nessuno (P1 e variazione del fosfato S4 riportati); endpoint di registro non riportati e fuori codebook: soluble Klotho, sottopopolazioni e fagocitosi monocitaria; qualità della vita e fatica rinviate a pubblicazione separata"
EudraCT-2019-004370-26,ExplorIRON-CKD,EudraCT 2019-004370-26;UTRN U1111-1240-0643,parallelo 1:1,doppio,Regno Unito,1,"adulti con CKD stadio 3a-5 non in dialisi e carenza marziale con o senza anemia (Hull, esplorativo, senza calcolo di potenza)",ferritina <200 µg/L oppure TSAT ≤20% e ferritina 200-299 µg/L; Hb <150 g/L,fosfato sierico >0.8 mmol/L richiesto,26,14,12,67.9,34.6,"1000 mg d0 + 500 o 1000 mg a 1 mese (visit 5, 25-35 giorni) secondo Hb e peso (cumulativa 1500 o 2000 mg); infusione in 15-30 min; seconda dose non somministrata se fosfato <0.65 mmol/L","1000 mg d0 + 500 o 1000 mg a 1 mese (visit 5, 25-35 giorni) secondo Hb e peso (cumulativa 1500 o 2000 mg); infusione in 15-30 min; seconda dose non somministrata se fosfato <0.65 mmol/L",90,The percentage change in iFGF23 from baseline to 1-2 days post-infusion between iron isomaltoside and ferric carboxymaltose. Percentage change in iFGF23 from baseline to 2 weeks post-infusion between iron isomaltoside and ferric carboxymaltose. Co-primary outcome: Composite of change in iFGF23 and delta change in phosphate.,Hull University Teaching Hospitals NHS Trust,misto,pharmacosmos,si,38347520;37884522;37015198;EUCTR-2019-004370-26;DOI-10.1093_ndt_gfac072.005;DOI-10.1093_ndt_gfac072.011;DOI-10.1093_ndt_gfac072.013,"38347520 Methods, Results (Baseline), Table 1-2, Funding, Competing interests, Supplementary Table 1-2; 37015198 Table 1, Table 3, Table 4, Methods; EU CTR A.3, B.1, B.4, E.5.1, E.8",«A total of 26 patients were randomized to receive either FDI (n = 14) or FCM (n = 12).»,consenso,"Randomizzazione 1:1 senza stratificazione (sealedenvelope.com), paziente e sperimentatore ciechi, infermiere somministratore non cieco (38347520 Methods; 37015198 Randomization Process). Studio condotto marzo 2020-luglio 2021; arruolamento fermo a 26 su 30 pianificati per COVID-19. eta_media: media 67.9 (SD 12.4) sul totale (FDI 63.4, FCM 73.2; p=0.043); pct_donne: 9/26 (34.6%) (Table 2; FDI 6/14, FCM 3/12). Squilibri al basale: età, fosfaturia 24 h, scompenso cardiaco (FDI 1/14, FCM 6/12). Tutti hanno ricevuto almeno una dose; seconda dose 21/26 (38347520) = 10 FDI e 11 FCM (37884522 e abstract MO523/MO529/MO531). Dose media somministrata FDI 1428.6 (SD 331.5) mg, FCM 1500 (SD 213.2) mg. follow_up_giorni: visit 8, 75-105 giorni dopo la prima infusione (37015198 Table 4), «Total follow-up time was 3 months»; il fosfato è misurato solo fino a visit 7 (53-60 giorni). Finanziamento: grant di Pharmacosmos A/S e Kidney Research Yorkshire, «unrestricted competitive grants» in 38347520 e 37884522 ma «restricted grants» in 37015198 (discordanza); EU CTR B.4: Pharmacosmos A/S; sponsor non commerciale. Conflitti: SB onorari e fondi educativi da Pharmacosmos A/S e Vifor Pharma. Discordanze registro/pubblicazioni: EU CTR E.3 richiede «eGFR > 20 ml/min/1.73m2», le pubblicazioni CKD 3a-5 (mediana eGFR 18, 7 pazienti in stadio 5); EU CTR E.8.1.5 «Parallel group No»; D.8.1 placebo «Yes» ma E.8.2.2 placebo «No»; 37015198 Table 3 ferritina «≤200» contro «<200» altrove. Registro EU CTR senza risultati («There are no public results»). Endpoint prespecificati non riportati: «Incidence of hypophosphatemia (<0.65 mmol/L) and severe hypophosphatemia (<0.3mmol/L) at each time point» (Suppl. Table 2; 37015198 Table 2; EU CTR E.5.2): riportata solo come assenza nell'intero trial, non per visita; «% failed repeat infusion due to hypophosphatemia»: solo «There was no postponement of second infusion due to hypophosphatemia». S4: la variazione % del fosfato dal basale (Table 3, media/mediana con una sola misura di dispersione) non è estratta perché non in mmol/L; il testo la riporta con IQR («FDI: 1.8 (IQR: - 9.5 – 20.8) % vs. FCM: -14.9 (IQR: - 20.9 - -6.2)%») mentre Table 3 dà 1.8 (30.3) e -14.9 (14.7): discordanza testo/tabella. S8b: Supplementary Table 5 elenca gli SAE per evento, senza SOC né conteggio per paziente; fra gli SAE FDI c'è «Atrial fibrillation» (nessun SAE cardiaco o vascolare nel braccio FCM), non estratto come S8b (stessa scelta del pilota per le liste di SAE di articolo). Totali di Suppl. Table 5 incoerenti: «Total SAEs: 8 in 6 patients (FDI: 4; FCM: 2)» e «Total AEs: 27 in 18 patients (FDI: 12; FCM: 8)» (12+8=20≠18); il testo dice 19 AE (i non seri elencati sono 19) e un decesso (perforazione intestinale, FCM). S5, S6, S7, S8a: nessun dato; nessuna reazione di ipersensibilità nell'elenco degli AE di Suppl. Table 5 (silenzio, non registrato come zero); troponina, NT-proBNP, ECG e PWV senza differenze (37884522), non sono esiti del codebook. Gli abstract MO523, MO529 e MO531 (NDT 2022, suppl. 3) riportano solo ematologia/funzione renale, PROM e parametri cardiovascolari: nessun esito del codebook. 37015198 riporta solo metodi e dati basali aggregati. Follow-up: visita 8 a 75-105 giorni. S8b non estratto: Suppl. Table 5 elenca gli SAE per evento (fibrillazione atriale nel braccio FDI, nessun SAE CV nel braccio FCM, «vacant episode» di SOC incerta) con totali incoerenti (27 AE «in 18 pazienti», 12+8=20). S4 solo come mediane (IQR): sintesi narrativa."
NCT03957057,,NCT03957057,3 bracci 1:1:1,open-label,Slovenia,1,"puerpere (18-50 anni nel registro) con anemia post-partum entro 48 h dal parto, University Medical Centre Ljubljana; bracci FCM, FDI e solfato ferroso orale",Hb 70-100 g/L entro 48 h dal parto (nessun criterio di ferritina),non riportato,300,100,100,FDI 30; FCM 32,100,"dose totale da formula di Ganzoni modificata (peso pre-gravidico × (15 − Hb) × 2.4 + 500) arrotondata a 500 mg (1000, 1500 o 2000 mg); massimo 1500 mg al giorno, resto dopo una settimana; in 250 mL di salina in 15-30 min (Monofer, Ewopharma)","dose totale da formula di Ganzoni modificata arrotondata a 500 mg (1000, 1500 o 2000 mg); massimo 1000 mg al giorno, resto dopo una settimana; in 250 mL di salina in 15-30 min (Iroprem, Sandoz)",42,Multidimensional Fatigue Inventory (MFI) score at 6 weeks postpartum,University Medical Centre Ljubljana,nessuno,nessuno,si,NCT03957057;38337452;37885813;41375693;EPMC-PPR609550,"EPMC-PPR609550 Methods p. 4-6, Figure 1 p. 7, Table 1 p. 8-10, Conflict of interest statement p. 16; 38337452 §2.1-2.4 e Results; 41375693 §2.1-2.4 e Results; 37885813 Declaration of Competing Interest; registro protocolSection",«Participants were randomized in a 1:1:1 ratio into three groups»; «Assigned to receive intravenous ferric derisomaltose (n=100)»; «The study received no specific funding»,consenso,"eta_media = mediana (IQR) sul set analizzato per l'esito primario MFI (FCM 32 (28–36), FDI 30 (27–33); EPMC-PPR609550 Table 1); 37885813 Table 1 riporta FCM 31 (± 8), FDI 30 (± 7) con n 94/93. pct_donne 100 (popolazione post-partum). follow_up: visita unica a 6 settimane post-partum (prima dose entro 48 h dal parto), quindi eventi avversi in finestra primaria per la regola 8. Finanziamento: «The study received no specific funding» e i produttori/distributori «had no role» (EPMC-PPR609550 p. 16; 37885813); sponsor accademico. Conflitti: LBT e ML compensi da Ewopharma (distributore di Monofer) per un workshop dopo la fine dello studio; dichiarazioni di finanziamento e conflitti di 38337452 e 41375693 assenti dal fulltext convertito. Registro: hasResults False, nessun dato per braccio, nessuna riga dal registro. Fosfato: assente dagli esiti registrati; 41375693 lo dichiara esito primario («proportion of participants with hypophosphatemia ... < 0.83 mmol/L ... six weeks postpartum») con calcolo della numerosità sull'ipofosfatemia, mentre 38337452 dichiara primario il MFI con calcolo di numerosità sul MFI → rischio di reporting selettivo (RoB 2). Fosfato misurato solo all'inclusione e a 6 settimane: nessun nadir, nessuna ipofosfatemia transitoria rilevabile (limite dichiarato da 41375693). Soglie della fonte: ipofosfatemia <0.83 mmol/L, grave <0.34 mmol/L (registrate con la soglia vera, S2 e S1). Endpoint prespecificati non riportati: variazione del fosfato dall'inclusione a 6 settimane (41375693 §2.4) non leggibile nel fulltext convertito, Table 1 e Table 2 di 41375693 assenti dal testo convertito (da verificare sul PDF, non presente nel vault); registro «Side effects - proportion of participants reporting side effects of treatments» riportato solo in forma narrativa per i bracci EV; 41375693 dichiara raccolti gli eventi avversi ma non li riporta. S5: 41375693 «We did not assess clinical outcomes of hypophosphatemia»: nessuna riga. S8a/S8b: nessun evento CV né SAE per SOC riportati; nessuna riga. S6/S7 da 38337452 e dal suo preprint EPMC-PPR609550 (stesso paragrafo). 37885813 (EPDS) non riporta esiti del codebook. Discrepanze fra fonti: set analizzati 95/93 (41375693, fosfato), 88/90 (38337452/preprint, MFI), 94/93 (37885813, EPDS); deficit di ferro FDI 1449 g (38337452) vs 1437 g (41375693); fornitore Monofer indicato come Ewopharma Svizzera (Schaffhausen o Zürich) o Danimarca; infusione 15-30 min vs circa 30 min (preprint); 41375693 aggiunge tra le esclusioni l'emorragia post-partum >500 mL e l'età 18-46 anni, assenti nelle altre fonti; percentuali per braccio di 37885813 incoerenti. Mediana di Hb FDI a 6 settimane IQR 129–139 (38337452) vs 128–139 (41375693). Trial non-inferiority dichiarato su MFI; nessun acronimo."
CTRI/2020/09/027730,RAPIDIRON,CTRI/2020/09/027730;NCT05358509,"3 bracci 1:1:1 (FCM, FDI, ferro orale)",doppio,India,4,"gravide singleton a 14-17 settimane con anemia sideropenica moderata (India rurale, 4 siti)",Hb 7.0-9.9 g/dL e TSAT <20% e/o ferritina <30 ng/mL,non riportato,4368,1456,1462,,100,"dose singola EV di ferric derisomaltose 20 mg/kg, massimo 1000 mg (Jilazo Lupin, flaconi da 500 mg)","dose singola EV di ferric carboxymaltose 20 mg/kg, massimo 1000 mg (Revofer Lupin, flaconi da 500 mg)",,NCT05358509: «Return to non-anemic status in the last trimester of pregnancy» (Hb ≥11 g/dL a 30-34 settimane o prima del parto) e «Low birth weight (<2500 grams) deliveries»; scheda CTRI non nel corpus,Children's Investment Fund Foundation (sponsor secondo il protocollo 34556166); lead sponsor su ClinicalTrials.gov: Thomas Jefferson University,pubblico,nessuno,si,39909327;42045095;42069102;34556166;NCT05358509;EPMC-PMC13344646-337;EPMC-PMC13344768-LB03,"39909327 abstract, Methods pp. 120.e2-e4, Figure 1 p. 120.e5, Table 1 p. 120.e6, Table 3 p. 120.e14, disclosure p. 120.e17; 34556166 Administrative information e {17a}; NCT05358509 protocolSection",«randomized 1:1:1 to (1) 60 mg oral ferrous sulfate twice daily; or single-dose infusion of (2) intravenous ferric derisomaltose or (3) intravenous ferric carboxymaltose»,consenso,"cecità: «semiblind»/«partially masked»: partecipanti e clinici mascherati fra i due bracci EV (solo il farmacista smascherato), valutatori mascherati a tutti e 3 i bracci; ClinicalTrials.gov riporta masking NONE; «doppio» vale solo per il confronto FDI vs FCM. n_centri: 4 siti (Bagalkot, Belagavi, Raichur, Jaipur) con 19 CHC e 58 PHC. Età non riportata come media (solo classi, Table 1: 18-<25 anni 63.7% FDI, 64.9% FCM). pct_donne 100 (gravide). Follow-up: ultima visita (visita 9) a 42 giorni dopo il parto, giorni dalla randomizzazione non riportati. I bracci EV non sono confrontati fra loro per disegno («intravenous iron arms were not compared to each other»). Safety cohort per trattamento ricevuto: FDI 1454, FCM 1451. Registrazione CTRI prima dell'arruolamento (10/09/2020); NCT05358509 registrato nel 2022, a trial in corso, senza risultati. Soglia di ipofosfatemia NON dichiarata né nell'articolo né nel protocollo pubblicato: rinvio ad Appendix 1 (protocollo completo) e Supplemental Table 1 (elenco completo degli eventi di sicurezza), non presenti nel corpus (nessun file -suppl). Fosfato misurato solo nei bracci EV a visita 4 (2 settimane dopo l'infusione) e a visita 9 (6 settimane post partum); nessun dato continuo di fosfato (S4 assente). S5 non riportato. S8a non esiste (nessun evento CV aggiudicato). S8b non estraibile: solo totali di maternal SAE (70/1454 FDI, 80/1451 FCM, Table 3) senza ripartizione per SOC; «Hypertensive disorder» di Table 2 (48/1417 FDI, 32/1416 FCM, ITT) è un esito ostetrico secondario, non un SAE per SOC, non estratto. Anafilassi: un solo caso legato all'intervento, braccio non dichiarato nel testo (Table 3: infusion-related SAE 0 FDI, 1 FCM). Endpoint prespecificati: protocollo e registro non elencano esiti del codebook; i Methods dell'articolo prevedono «rates of maternal hypophosphatemia» e «adverse reaction to iron infusion», entrambi riportati. Fonti senza esiti del codebook: 42045095 (indici reticolocitari), 42069102 (natimortalità), EPMC-PMC13344646-337 e EPMC-PMC13344768-LB03 (abstract SMFM, solo esiti di efficacia), NCT05358509 (senza risultati). Conflitti: R.C.B. premio di ricerca Pharmacosmos non legato al ferro EV; M.B.B. flaconi di FCM (Emcure) e FDM (Lupin) per una tesi; farmaci di studio acquistati da un distributore commerciale. Cecità: «semiblind» nell'articolo, masking NONE nel registro; fra i due bracci EV partecipanti e clinici mascherati (farmacista no): «doppio» per il confronto FDI vs FCM. Soglia di ipofosfatemia non dichiarata: righe P1/S3 non usate finché non si recupera l'Appendix 1 (AJOG)."
CTRI/2023/1/048725,,CTRI/2023/1/048725;U1111-1286-2021,parallelo 1:1,singolo,India,1,"adulti 18-80 anni con IDA (nutrizionale o da perdite ematiche) e intolleranza al ferro orale, senza comorbidità maggiori",Hb <11 g/dL e TSAT <20% e ferritina <100 ng/mL,non riportato,299,148,151,FDI 38.27 ± 12.38; FCM 43.57 ± 16.14,,"1000 mg i3R (iron isomaltoside) in 250 mL NaCl 0.9% in 20 min, infusione singola","1000 mg FCM in 250 mL NaCl 0.9% in 20 min, infusione singola",168,non disponibile (scheda CTRI non tra le fonti),"investigator-initiated, Armed Forces Medical College, Pune",nessuno,nessuno,no,42111869;DOI-10.1097_01.hs9.0000972860.64685.8e,Methods p. 315-316; Fig. 1; Table 1; Source of support e Disclosure p. 322,«299 eligible patients were randomly assigned in a 1:1 ratio»; «Allocated to intervention Arm A: i3R 1000 mg IV (n= 148)»; «arm B: Ferric Carboxy Maltose 1000 mg IV (n= 151)»,consenso,"Follow-up 24 settimane (visite a 4, 12, 24 settimane). Età per braccio (Table 1, media ± DS): FCM 43.57 ± 16.14, i3R 38.27 ± 12.38; nessun valore complessivo. Donne: Table 1 «Pregnant/All females (n)» FCM 39/119, i3R 49/134, su n=140 per braccio; % non riportata. Cecità: solo i pazienti ciechi al braccio. Source of support: None; competing interests: none; nessun produttore dichiarato (i3R è un marchio indiano di iron isomaltoside, produttore non indicato). Endpoint prespecificato non riportato: co-primary safety endpoint «serious or severe hypersensitivity reaction» (riportato solo «No serious adverse events»); endpoint prespecificato non riportato: composito CV aggiudicato (morte, IM non fatale, ictus, angina instabile, scompenso, aritmie, ipertensione, ipotensione) e time to first CV AE, nessun risultato per braccio (S8a). Ipofosfatemia non misurata («we couldn't evaluate hypophosphatemia owing to the logistical difficulties and resource constraints», p. 318): nessun P1-S4. S5 e S7 non riportati; Table 3 (VAS/CTCAE) elenca rash e prurito per grado, non classificati come ipersensibilità dalla fonte: non estratti. Incoerenze: Table 1 e Table 2 invertono i valori basali di Hb fra bracci (Table 1 FCM 8.63/i3R 8.44; Table 2 i3R 8.63/FCM 8.44) e ferritina (15.80/15.82 vs 16.14/15.49); Table 3 intitolata «serious adverse events» ma riporta sintomi di grado 0-5, con colonne N che sommano 142 (FCM) e 138 (i3R) invece di 140/140; Results parla di 280 randomizzati, Fig. 1 di 299. Abstract EHA 2023 P1495 (DOI-10.1097_01.hs9.0000972860.64685.8e): analisi ad interim a 4 settimane (77 braccio A, 40 braccio B), solo aumento medio di Hb, nessun esito del codebook; dichiara «South India», visite a 4, 8, 24 settimane e scala Likert, in contrasto con la primaria (Western India, 4/12/24 settimane, VAS)."
TRIAL-DOI-10.18203_2320-1770.ijrcog20250512,,nessuno riportato,3 bracci 1:1:1 (iron sucrose; FCM; iron isomaltoside),non-riportato,India,1,"donne 18-50 anni con anemia sideropenica, pazienti ginecologiche ambulatoriali e ricoverate, Hind Institute of Medical Sciences, Barabanki (Uttar Pradesh)",Hb <10 g/dL e ferritina <100 ng/dl (unità come nella fonte),non riportato,87,29,29,34.15,100,"dose calcolata con formula di Ganzoni, diluita in 0.9% NS; <1000 mg in 15-30 min, >1000 mg in 30-45 min; max 1500 mg per infusione","dose calcolata con formula di Ganzoni in 100 ml 0.9% NS in 15 min; max 1000 mg per seduta (peso 35-70 kg); dosi successive se necessarie d7 e d14, arrotondate ai 100 mg",28,nessun registro,nessuno (studio accademico monocentrico),nessuno,nessuno,no,DOI-10.18203_2320-1770.ijrcog20250512,Abstract; Methods p. 826; Table 1 p. 827; Table 5 p. 828; Discussion p. 829; Funding p. 829,«Total of 87 female patients of age group 18-50 years ... 29 women in each group with a ratio of 1:1:1» (Methods p. 826); «Funding: No funding sources / Conflict of interest: None declared»,consenso,"Fosfato sierico non misurato: nessun dato per P1, S1-S4. Nessun dato su S5, S8a, S8b. Nessun registro citato; nessun endpoint prespecificato elencato. Eventi avversi qualsiasi (Table 5 p. 828): Yes 3/29 (10.3%) IIM e 3/29 (10.3%) FCM, non classificati come ipersensibilità né come reazioni infusionali, quindi non estratti come S7; Discussion: chills (50%) e headache (41.7%) i più comuni, percentuali sul totale dei 12 pazienti con AE di tutti i bracci, non per braccio. S6 zero solo da frase generica della Discussion. Eta_media 34.15 = media del totale (Table 1), incoerente con le medie per braccio (IS 35.04, IIM 36.72 DS 3.963, FCM 34.66 DS 4.228). pct_donne 100: arruolate solo donne. Table 5 riporta Total 86 contro 87 randomizzati (29 per braccio). Disegno descritto come «prospective, randomized» (Abstract) e «cross sectional, randomized» (Methods); metodo di randomizzazione, occultamento e cecità non descritti. Follow-up 4 settimane (Hb e ferritina ripetute a fine 4 settimane; figure a day 28/29). Abstract riporta per la ferritina p=8.18 (verosimilmente 0.818). n_centri 1 da Discussion («single centre nature»)."
TRIAL-33054113,,,"4 bracci 8:8:8:4 (FCM, iron sucrose, iron isomaltoside 1000, placebo)",singolo,non riportato,1,"adulti ipoferremici non anemici, altrimenti sani (studio PK/PD fase I)",Hb ≥13 g/dL (M) e ≥12 g/dL (F); s-Ferritin a digiuno <30 µg/L e TSAT <20%,non riportato,28,8,8,,,"200 mg iron isomaltoside 1000 EV in 10 min, dose singola","200 mg ferric carboxymaltose EV in 10 min, dose singola",14,nessun registro,non riportato,non-dichiarato,vifor,non-dichiarati,33054113,"Methods, Study design and patient population; Abstract; Supplementary Appendix p. 1 (affiliazioni)","«exploratory phase I single-center, singleblind, randomized, placebo-controlled study … randomized into one of three treatment groups (n=8/arm), or one placebo control group (n=4/arm), received a single intravenous 200 mg iron dose»",consenso,"Nessun esito del codebook (P1-S8b) riportato per braccio: il fosfato sierico non è misurato né riportato; nessun evento avverso, ipersensibilità, SAE o evento CV riportato nel testo o nel supplemento (solo PK/PD: IVIP-Fe, TSI, TSAT, NTBI, hepcidin, ferritina, Hb/sTfR). Quindi zero righe in bracci. Nessun numero di registro citato nella fonte; nessuna Table di endpoint prespecificati, quindi nessun endpoint del codebook prespecificato e non riportato identificabile. eta_media e pct_donne: Table 1 (Baseline parameters) è un'immagine non convertita nel fulltext md e non c'è PDF dell'articolo in 90-Sorgenti/pdf (solo 33054113-suppl-1.pdf): valori non trascritti; il testo dice solo che i bracci erano bilanciati «with the exception of sex»; età adulta verificata dall'utente sulla Table 1. follow_up_giorni: ultimo prelievo a 312-336 h post-dose («2-week PK/PD study»), quindi 13-14 giorni; scritto 14. Paese non dichiarato nel testo convertito (autori UCL e KCL, Londra; assay Vifor Pharma). Finanziamento e conflitti: sezioni di disclosure/funding assenti dal fulltext convertito; PubMed pubtype «Research Support, Non-U.S. Gov't»; «Vifor Pharma performed all assays except as stated» (Methods) e due autori (C. Mori, S. Burckhardt) affiliati a Vifor Pharma Group (Supplementary Appendix p. 1). Dosi di 200 mg (non cliniche) scelte per la PK."
