"trial_id","esito","finestra","ev_FDI","n_FDI","sede_FDI","soglia","fonte_dato","ev_FCM","n_FCM","sede_FCM","m_FDI","sd_FDI","misura_continua","m_FCM","sd_FCM","acronimo","etichetta","produttore","rob"
"NCT03466983","P1","primaria",4,48,"36343979: Results, paragrafo dopo Table 1 (rinvio a Figure 2A e online supplemental table S2)",0.65,"fulltext",25,49,"36343979: Results, paragrafo dopo Table 1 (rinvio a Figure 2A e online supplemental table S2)",,,,,,"PHOSPHARE-IBD","PHOSPHARE-IBD","pharmacosmos","alcune-preoccupazioni"
"NCT03466983","P1","estesa",6,48,"36343979: Results, paragrafo dopo Figure 2 (rinvio a online supplemental table S2)",0.65,"fulltext",29,49,"36343979: Results, paragrafo dopo Figure 2 (rinvio a online supplemental table S2)",,,,,,"PHOSPHARE-IBD","PHOSPHARE-IBD","pharmacosmos","alcune-preoccupazioni"
"NCT03466983","S6","estesa",0,48,"36343979: Table 2, sezione Any SAE",,"fulltext",1,49,"36343979: Table 2, sezione Any SAE",,,,,,"PHOSPHARE-IBD","PHOSPHARE-IBD","pharmacosmos","alcune-preoccupazioni"
"NCT03466983","S8b","estesa",1,48,"EUCTR-2017-002452-87: Results, Adverse events, Serious adverse events, Vascular disorders",,"registro",1,49,"EUCTR-2017-002452-87: Results, Adverse events, Serious adverse events, Vascular disorders",,,,,,"PHOSPHARE-IBD","PHOSPHARE-IBD","pharmacosmos","alcune-preoccupazioni"
"NCT03466983","S3","primaria",1,41,"36343979: Suppl. Table S2 (p. 4)",0.65,"supplementare",2,45,"36343979: Suppl. Table S2 (p. 4)",,,,,,"PHOSPHARE-IBD","PHOSPHARE-IBD","pharmacosmos","alcune-preoccupazioni"
"NCT03238911","P1","primaria",5,63,"32016310: Figure 2A, colonna Any Postbaseline (p. 438)",0.65,"fulltext",45,60,"32016310: Figure 2A, colonna Any Postbaseline (p. 438)",,,,,,"PHOSPHARE-IDA04","PHOSPHARE-IDA04","pharmacosmos","alcune-preoccupazioni"
"NCT03238911","S3","primaria",1,59,"32016310: Figure 2A, colonna Day 35 (p. 438)",0.65,"fulltext",24,58,"32016310: Figure 2A, colonna Day 35 (p. 438)",,,,,,"PHOSPHARE-IDA04","PHOSPHARE-IDA04","pharmacosmos","alcune-preoccupazioni"
"NCT03238911","S1","primaria",0,63,"NCT03238911: resultsSection.outcomeMeasuresModule.outcomeMeasures[17]",0.32,"registro",7,59,"NCT03238911: resultsSection.outcomeMeasuresModule.outcomeMeasures[17]",,,,,,"PHOSPHARE-IDA04","PHOSPHARE-IDA04","pharmacosmos","alcune-preoccupazioni"
"NCT03238911","S4","primaria",,59,"NCT03238911: resultsSection.outcomeMeasuresModule.outcomeMeasures[3], class Day 35",,"registro",,58,"NCT03238911: resultsSection.outcomeMeasuresModule.outcomeMeasures[3], class Day 35",0.077496,0.245404,"variazione-da-basale",-0.297068,0.274465,"PHOSPHARE-IDA04","PHOSPHARE-IDA04","pharmacosmos","alcune-preoccupazioni"
"NCT03238911","S6","primaria",1,63,"NCT03238911: resultsSection.outcomeMeasuresModule.outcomeMeasures[13]",,"registro",0,60,"NCT03238911: resultsSection.outcomeMeasuresModule.outcomeMeasures[13]",,,,,,"PHOSPHARE-IDA04","PHOSPHARE-IDA04","pharmacosmos","alcune-preoccupazioni"
"NCT03238911","S8b","primaria",0,63,"NCT03238911: resultsSection.adverseEventsModule.eventGroups[0] e seriousEvents",,"registro",0,60,"NCT03238911: resultsSection.adverseEventsModule.eventGroups[1]",,,,,,"PHOSPHARE-IDA04","PHOSPHARE-IDA04","pharmacosmos","alcune-preoccupazioni"
"NCT03237065","P1","primaria",5,62,"32016310: Figure 2B, p. 438",0.65,"fulltext",42,57,"32016310: Figure 2B, p. 438",,,,,,"PHOSPHARE-IDA05","PHOSPHARE-IDA05","pharmacosmos","alcune-preoccupazioni"
"NCT03237065","S3","primaria",0,58,"32016310: Figure 2B, p. 438",0.65,"fulltext",25,56,"32016310: Figure 2B, p. 438",,,,,,"PHOSPHARE-IDA05","PHOSPHARE-IDA05","pharmacosmos","alcune-preoccupazioni"
"NCT03237065","S1","primaria",0,61,"NCT03237065: resultsSection.outcomeMeasures[17]",0.32,"registro",6,56,"NCT03237065: resultsSection.outcomeMeasures[17]",,,,,,"PHOSPHARE-IDA05","PHOSPHARE-IDA05","pharmacosmos","alcune-preoccupazioni"
"NCT03237065","S6","primaria",0,62,"NCT03237065: resultsSection.outcomeMeasures[13]",,"registro",2,57,"NCT03237065: resultsSection.outcomeMeasures[13]",,,,,,"PHOSPHARE-IDA05","PHOSPHARE-IDA05","pharmacosmos","alcune-preoccupazioni"
"NCT03237065","S8b","primaria",0,62,"NCT03237065: resultsSection.adverseEventsModule.eventGroups[0] + seriousEvents",,"registro",0,57,"NCT03237065: resultsSection.adverseEventsModule.eventGroups[1] + seriousEvents[0]",,,,,,"PHOSPHARE-IDA05","PHOSPHARE-IDA05","pharmacosmos","alcune-preoccupazioni"
"NCT03237065","S4","primaria",,58,"NCT03237065: resultsSection.outcomeMeasures[3], Day 35",,"registro",,56,"NCT03237065: resultsSection.outcomeMeasures[3], Day 35",0.035519,0.158221,"variazione-da-basale",-0.319671,0.309984,"PHOSPHARE-IDA05","PHOSPHARE-IDA05","pharmacosmos","alcune-preoccupazioni"
"NCT02905539","P1","primaria",1,13,"32654663: Results, Endpoints (par. 1); Methods, Endpoints",0.65,"fulltext",9,12,"32654663: Results, Endpoints (par. 1); Methods, Endpoints",,,,,,"HOMe aFers","HOMe aFers","pharmacosmos","alcune-preoccupazioni"
"NCT02905539","S3","primaria",1,13,"32654663: Additional file 5: Table S4, Visit 5 (day 33 – 37)",0.65,"supplementare",3,12,"32654663: Additional file 5: Table S4, Visit 5 (day 33 – 37)",,,,,,"HOMe aFers","HOMe aFers","pharmacosmos","alcune-preoccupazioni"
"EudraCT-2019-004370-26","P1","estesa",0,14,"38347520: Results, Intact FGF23 and phosphate, paragrafo dopo Table 4",0.65,"fulltext",0,12,"38347520: Results, Intact FGF23 and phosphate, paragrafo dopo Table 4",,,,,,"ExplorIRON-CKD","ExplorIRON-CKD","pharmacosmos","alcune-preoccupazioni"
"EudraCT-2019-004370-26","S2","estesa",1,14,"38347520: Discussion, secondo paragrafo",0.81,"fulltext",1,12,"38347520: Discussion, secondo paragrafo",,,,,,"ExplorIRON-CKD","ExplorIRON-CKD","pharmacosmos","alcune-preoccupazioni"
"EudraCT-2019-004370-26","P1","primaria",0,14,"38347520: Results, Intact FGF23 and phosphate, paragrafo dopo Table 4",0.65,"fulltext",0,12,"38347520: Results, Intact FGF23 and phosphate, paragrafo dopo Table 4",,,,,,"ExplorIRON-CKD","ExplorIRON-CKD","pharmacosmos","alcune-preoccupazioni"
"NCT03957057","S2","primaria",2,93,"41375693: Results par. 3 (testo di Table 2); Abstract; definizione in §2.4",0.83,"fulltext",3,95,"41375693: Results par. 3 (testo di Table 2); Abstract; definizione in §2.4",,,,,,,"NCT03957057","nessuno","alcune-preoccupazioni"
"NCT03957057","S1","primaria",0,93,"41375693: Discussion par. 4; definizione in §2.4",0.34,"fulltext",0,95,"41375693: Discussion par. 4; definizione in §2.4",,,,,,,"NCT03957057","nessuno","alcune-preoccupazioni"
"NCT03957057","S6","primaria",0,100,"38337452: Results, ultimo paragrafo",,"fulltext",0,100,"38337452: Results, ultimo paragrafo",,,,,,,"NCT03957057","nessuno","alcune-preoccupazioni"
"NCT03957057","S7","primaria",1,100,"38337452: Results, ultimo paragrafo",,"fulltext",4,100,"38337452: Results, ultimo paragrafo",,,,,,,"NCT03957057","nessuno","alcune-preoccupazioni"
"CTRI/2020/09/027730","S7","primaria",340,1454,"39909327: Table 3, p. 120.e14",,"fulltext",70,1451,"39909327: Table 3, p. 120.e14",,,,,,"RAPIDIRON","RAPIDIRON","nessuno","alcune-preoccupazioni"
"CTRI/2020/09/027730","S6","primaria",0,1454,"39909327: Table 3, p. 120.e14",,"fulltext",1,1451,"39909327: Table 3, p. 120.e14",,,,,,"RAPIDIRON","RAPIDIRON","nessuno","alcune-preoccupazioni"
"CTRI/2023/1/048725","S6","estesa",0,140,"42111869: Results p. 318; Methods p. 316 (endpoint); Fig. 1",,"fulltext",0,140,"42111869: Results p. 318; Methods p. 316 (endpoint); Fig. 1",,,,,,,"CTRI/2023/1/048725","nessuno","alto"
"CTRI/2023/1/048725","S8b","estesa",0,140,"42111869: Results p. 318; Fig. 1",,"fulltext",0,140,"42111869: Results p. 318; Fig. 1",,,,,,,"CTRI/2023/1/048725","nessuno","alto"
"TRIAL-DOI-10.18203_2320-1770.ijrcog20250512","S6","primaria",0,29,"DOI-10.18203_2320-1770.ijrcog20250512: Discussion, Adverse reactions p. 829; denominatore Table 5 p. 828",,"fulltext",0,29,"DOI-10.18203_2320-1770.ijrcog20250512: Discussion, Adverse reactions p. 829; denominatore Table 5 p. 828",,,,,,,"TRIAL-DOI-10.18203_2320-1770.ijrcog20250512","nessuno","alto"
