"esito","finestra","misura","trial","trial_id","peso_pct","rob","produttore"
"P1","primaria","RR","HOMe aFers","NCT02905539",6.7,"alcune-preoccupazioni","pharmacosmos"
"P1","primaria","RR","PHOSPHARE-IBD","NCT03466983",25.8,"alcune-preoccupazioni","pharmacosmos"
"P1","primaria","RR","PHOSPHARE-IDA04","NCT03238911",33.8,"alcune-preoccupazioni","pharmacosmos"
"P1","primaria","RR","PHOSPHARE-IDA05","NCT03237065",33.7,"alcune-preoccupazioni","pharmacosmos"
"P1","estesa","RD","ExplorIRON-CKD","EudraCT-2019-004370-26",21,"alcune-preoccupazioni","pharmacosmos"
"P1","estesa","RD","PHOSPHARE-IBD","NCT03466983",79,"alcune-preoccupazioni","pharmacosmos"
"S8b","estesa","RD","CTRI/2023/1/048725","CTRI/2023/1/048725",74.3,"alto","nessuno"
"S8b","estesa","RD","PHOSPHARE-IBD","NCT03466983",25.7,"alcune-preoccupazioni","pharmacosmos"
"S3","primaria","RR","HOMe aFers","NCT02905539",5.7,"alcune-preoccupazioni","pharmacosmos"
"S3","primaria","RR","PHOSPHARE-IBD","NCT03466983",3.5,"alcune-preoccupazioni","pharmacosmos"
"S3","primaria","RR","PHOSPHARE-IDA04","NCT03238911",44.3,"alcune-preoccupazioni","pharmacosmos"
"S3","primaria","RR","PHOSPHARE-IDA05","NCT03237065",46.5,"alcune-preoccupazioni","pharmacosmos"
"S1","primaria","OR","PHOSPHARE-IDA04","NCT03238911",53.7,"alcune-preoccupazioni","pharmacosmos"
"S1","primaria","OR","PHOSPHARE-IDA05","NCT03237065",46.3,"alcune-preoccupazioni","pharmacosmos"
"S1","primaria","RD","NCT03957057","NCT03957057",44.1,"alcune-preoccupazioni","nessuno"
"S1","primaria","RD","PHOSPHARE-IDA04","NCT03238911",28.6,"alcune-preoccupazioni","pharmacosmos"
"S1","primaria","RD","PHOSPHARE-IDA05","NCT03237065",27.4,"alcune-preoccupazioni","pharmacosmos"
"S4","primaria","MD","PHOSPHARE-IDA04","NCT03238911",48.1,"alcune-preoccupazioni","pharmacosmos"
"S4","primaria","MD","PHOSPHARE-IDA05","NCT03237065",51.9,"alcune-preoccupazioni","pharmacosmos"
"S6","primaria","RR","PHOSPHARE-IDA04","NCT03238911",0,"alcune-preoccupazioni","pharmacosmos"
"S6","primaria","RR","PHOSPHARE-IDA05","NCT03237065",67.6,"alcune-preoccupazioni","pharmacosmos"
"S6","primaria","RR","RAPIDIRON","CTRI/2020/09/027730",32.4,"alcune-preoccupazioni","nessuno"
