"esito","finestra","analisi","modello","misura","k","trial","stima","ic_inf","ic_sup","p","tau2","i2","q","q_p","pi_inf","pi_sup","nota","eventi_fdi","eventi_fcm","partecipanti","rischio_fcm_1000","rischio_fdi_1000","diff_1000","diff_1000_inf","diff_1000_sup"
"P1","estesa","principale","MH effetti fissi, doppi zeri inclusi","RD",2,"ExplorIRON-CKD; PHOSPHARE-IBD",-0.3686,-0.5097,-0.2275,3.07e-07,0,0,0,1,,,"","6/62","29/61",123,475,,-369,-510,-227
"P1","estesa","affiancato (k<5)","REML + HKSJ, senza correzione","RR",2,"ExplorIRON-CKD; PHOSPHARE-IBD",,,,,,,,,,,"non stimabile: 1 trial utilizzabili","6/62","29/61",,,,,,
"P1","estesa","affiancato (k<5)","MH effetti fissi, senza correzione","RR",2,"ExplorIRON-CKD; PHOSPHARE-IBD",,,,,,,,,,,"non stimabile: 1 trial utilizzabili","6/62","29/61",,,,,,
"P1","estesa","sensibilità: correzione 0,5","REML + HKSJ, 0,5 solo ai trial con zeri","RR",1,"ExplorIRON-CKD; PHOSPHARE-IBD",0.2112,0.09646,0.4625,0.000101,0,0,0,1,,,"","6/62","29/61",,,,,,
"P1","estesa","sensibilità 1: solo RoB basso","MH effetti fissi, doppi zeri inclusi","RD",0,"",,,,,,,,,,,"non stimabile: 0 trial nel sottoinsieme",,,,,,,,
"P1","estesa","sensibilità 3: soglia esatta","MH effetti fissi, doppi zeri inclusi","RD",2,"ExplorIRON-CKD; PHOSPHARE-IBD",,,,,,,,,,,"nessun trial escluso: coincide con la principale","6/62","29/61",,,,,,
"P1","estesa","sensibilità 4: senza produttore","MH effetti fissi, doppi zeri inclusi","RD",0,"",,,,,,,,,,,"non stimabile: 0 trial nel sottoinsieme",,,,,,,,
"P1","estesa","sensibilità 5: senza dati solo da registro/abstract","MH effetti fissi, doppi zeri inclusi","RD",2,"ExplorIRON-CKD; PHOSPHARE-IBD",,,,,,,,,,,"nessun trial escluso: coincide con la principale","6/62","29/61",,,,,,
"P1","primaria","principale","REML + HKSJ, senza correzione","RR",4,"HOMe aFers; PHOSPHARE-IBD; PHOSPHARE-IDA04; PHOSPHARE-IDA05",0.1194,0.08498,0.1679,0.000279,0,0,0.5356,0.911,0.08498,0.1679,"","15/200","121/190",364,680,81,-599,-622,-566
"P1","primaria","affiancato (k<5)","MH effetti fissi, senza correzione","RR",4,"ExplorIRON-CKD; HOMe aFers; PHOSPHARE-IBD; PHOSPHARE-IDA04; PHOSPHARE-IDA05",0.1183,0.07214,0.1941,2.84e-17,0,0,0.537,0.911,,,"","15/200","121/190",,,,,,
"P1","primaria","sensibilità: correzione 0,5","REML + HKSJ, 0,5 solo ai trial con zeri","RR",4,"ExplorIRON-CKD; HOMe aFers; PHOSPHARE-IBD; PHOSPHARE-IDA04; PHOSPHARE-IDA05",0.1194,0.08498,0.1679,0.000279,0,0,0.5356,0.911,0.08498,0.1679,"","15/200","121/190",,,,,,
"P1","primaria","sensibilità 2: effetti fissi IV","inverso della varianza, effetti fissi","RR",4,"ExplorIRON-CKD; HOMe aFers; PHOSPHARE-IBD; PHOSPHARE-IDA04; PHOSPHARE-IDA05",0.1194,0.07272,0.1962,4.71e-17,0,0,0.5356,0.911,,,"","15/200","121/190",,,,,,
"P1","primaria","sottogruppo: schema_dose = fdi-singola-fcm-frazionata","REML + HKSJ, senza correzione","RR",2,"PHOSPHARE-IDA04; PHOSPHARE-IDA05",0.1076,0.08688,0.1333,0.00481,0,0,0.00299,0.956,,,"","10/125","87/117",,,,,,
"P1","primaria","sottogruppo: schema_dose = stesso-schema","REML + HKSJ, senza correzione","RR",2,"HOMe aFers; PHOSPHARE-IBD",0.1483,0.0135,1.63,0.0627,0,0,0.1805,0.671,,,"","5/61","34/61",,,,,,
"P1","primaria","sottogruppi: test schema_dose","REML + HKSJ, senza correzione","RR",4,"HOMe aFers; PHOSPHARE-IBD; PHOSPHARE-IDA04; PHOSPHARE-IDA05",,,,,,,2.868,0.0904,,,"Q fra gruppi = 2.868, gl = 1, p = 0.0904","15/186","121/178",,,,,,
"P1","primaria","sottogruppi: popolazione","REML + HKSJ, senza correzione","RR",5,"ExplorIRON-CKD; HOMe aFers; PHOSPHARE-IBD; PHOSPHARE-IDA04; PHOSPHARE-IDA05",,,,,,,,,,,"non eseguibile: livelli con almeno 2 trial: ida-generica","15/200","121/190",,,,,,
"P1","primaria","sensibilità 1: solo RoB basso","REML + HKSJ, senza correzione","RR",0,"",,,,,,,,,,,"non stimabile: 0 trial nel sottoinsieme",,,,,,,,
"P1","primaria","sensibilità 3: soglia esatta","REML + HKSJ, senza correzione","RR",5,"ExplorIRON-CKD; HOMe aFers; PHOSPHARE-IBD; PHOSPHARE-IDA04; PHOSPHARE-IDA05",,,,,,,,,,,"nessun trial escluso: coincide con la principale","15/200","121/190",,,,,,
"P1","primaria","sensibilità 4: senza produttore","REML + HKSJ, senza correzione","RR",0,"",,,,,,,,,,,"non stimabile: 0 trial nel sottoinsieme",,,,,,,,
"P1","primaria","sensibilità 5: senza dati solo da registro/abstract","REML + HKSJ, senza correzione","RR",5,"ExplorIRON-CKD; HOMe aFers; PHOSPHARE-IBD; PHOSPHARE-IDA04; PHOSPHARE-IDA05",,,,,,,,,,,"nessun trial escluso: coincide con la principale","15/200","121/190",,,,,,
"S1","primaria","principale","Peto","OR",2,"PHOSPHARE-IDA04; PHOSPHARE-IDA05",0.1131,0.03712,0.3447,0.000126,0,0,4.58e-05,0.995,,,"","0/217","13/210",239,113,14,-99,-108,-71
"S1","primaria","principale","MH effetti fissi, doppi zeri inclusi","RD",3,"NCT03957057; PHOSPHARE-IDA04; PHOSPHARE-IDA05",-0.06322,-0.09612,-0.03032,0.000166,0,59.3,2.459,0.117,,,"","0/217","13/210",427,62,,-63,-96,-30
"S1","primaria","affiancato (k<5)","REML + HKSJ, senza correzione","RR",3,"NCT03957057; PHOSPHARE-IDA04; PHOSPHARE-IDA05",,,,,,,,,,,"non stimabile: 0 trial utilizzabili","0/217","13/210",,,,,,
"S1","primaria","affiancato (k<5)","MH effetti fissi, senza correzione","RR",2,"NCT03957057; PHOSPHARE-IDA04; PHOSPHARE-IDA05",,,,,0,,,,,,"stima non definita: nessun evento in uno dei due bracci aggregati (log 0)","0/217","13/210",,,,,,
"S1","primaria","sensibilità: correzione 0,5","REML + HKSJ, 0,5 solo ai trial con zeri","RR",2,"NCT03957057; PHOSPHARE-IDA04; PHOSPHARE-IDA05",0.06646,0.03032,0.1457,0.0145,0,0,0.003617,0.952,,,"","0/217","13/210",,,,,,
"S1","primaria","sensibilità 1: solo RoB basso","Peto","OR",0,"",,,,,,,,,,,"non stimabile: 0 trial nel sottoinsieme",,,,,,,,
"S1","primaria","sensibilità 1: solo RoB basso","MH effetti fissi, doppi zeri inclusi","RD",0,"",,,,,,,,,,,"non stimabile: 0 trial nel sottoinsieme",,,,,,,,
"S1","primaria","sensibilità 3: soglia esatta","Peto","OR",2,"PHOSPHARE-IDA04; PHOSPHARE-IDA05",0.1131,0.03712,0.3447,0.000126,0,0,4.58e-05,0.995,,,"","0/124","13/115",,,,,,
"S1","primaria","sensibilità 3: soglia esatta","MH effetti fissi, doppi zeri inclusi","RD",2,"PHOSPHARE-IDA04; PHOSPHARE-IDA05",-0.113,-0.1709,-0.05515,0.000129,0,0,0.03506,0.851,,,"","0/124","13/115",,,,,,
"S1","primaria","sensibilità 4: senza produttore","Peto","OR",1,"NCT03957057",,,,,,,,,,,"non stimabile: 1 trial nel sottoinsieme","0/93","0/95",,,,,,
"S1","primaria","sensibilità 4: senza produttore","MH effetti fissi, doppi zeri inclusi","RD",1,"NCT03957057",,,,,,,,,,,"non stimabile: 1 trial nel sottoinsieme","0/93","0/95",,,,,,
"S1","primaria","sensibilità 5: senza dati solo da registro/abstract","Peto","OR",1,"NCT03957057",,,,,,,,,,,"non stimabile: 1 trial nel sottoinsieme","0/93","0/95",,,,,,
"S1","primaria","sensibilità 5: senza dati solo da registro/abstract","MH effetti fissi, doppi zeri inclusi","RD",1,"NCT03957057",,,,,,,,,,,"non stimabile: 1 trial nel sottoinsieme","0/93","0/95",,,,,,
"S2","estesa","principale","sintesi narrativa","RR",1,"ExplorIRON-CKD",,,,,,,,,,,"1 trial con dati (< 2): nessuna stima aggregata","1/14","1/12",26,,,,,
"S2","primaria","principale","sintesi narrativa","RR",1,"NCT03957057",,,,,,,,,,,"1 trial con dati (< 2): nessuna stima aggregata","2/93","3/95",188,,,,,
"S3","primaria","principale","MH effetti fissi, senza correzione","RR",4,"HOMe aFers; PHOSPHARE-IBD; PHOSPHARE-IDA04; PHOSPHARE-IDA05",0.05484,0.01751,0.1717,6.18e-07,0,56.1,6.834,0.0774,,,"","3/171","54/171",342,316,17,-298,-310,-262
"S3","primaria","affiancato (k<5)","REML + HKSJ, senza correzione","RR",3,"HOMe aFers; PHOSPHARE-IBD; PHOSPHARE-IDA04; PHOSPHARE-IDA05",0.1736,0.005638,5.345,0.159,0.7718,39.2,3.251,0.197,0.001056,28.54,"","3/171","54/171",,,,,,
"S3","primaria","sensibilità: correzione 0,5","REML + HKSJ, 0,5 solo ai trial con zeri","RR",4,"HOMe aFers; PHOSPHARE-IBD; PHOSPHARE-IDA04; PHOSPHARE-IDA05",0.1134,0.009676,1.33,0.0671,0.9428,41.2,5.186,0.159,0.002183,5.896,"","3/171","54/171",,,,,,
"S3","primaria","sensibilità 2: effetti fissi IV","inverso della varianza, effetti fissi","RR",3,"HOMe aFers; PHOSPHARE-IBD; PHOSPHARE-IDA04; PHOSPHARE-IDA05",0.1634,0.04769,0.5598,0.00393,0,38.5,3.251,0.197,,,"","3/171","54/171",,,,,,
"S3","primaria","sottogruppo: schema_dose = fdi-singola-fcm-frazionata","MH effetti fissi, senza correzione","RR",2,"PHOSPHARE-IDA04; PHOSPHARE-IDA05",0.01997,0.002816,0.1416,9.02e-05,0,0,0.5135,0.474,,,"","1/117","49/114",,,,,,
"S3","primaria","sottogruppo: schema_dose = stesso-schema","MH effetti fissi, senza correzione","RR",2,"HOMe aFers; PHOSPHARE-IBD",0.3991,0.08363,1.905,0.249,0,0,0.1275,0.721,,,"","2/54","5/57",,,,,,
"S3","primaria","sottogruppi: test schema_dose","MH effetti fissi, senza correzione","RR",4,"HOMe aFers; PHOSPHARE-IBD; PHOSPHARE-IDA04; PHOSPHARE-IDA05",,,,,,,5.487,0.0192,,,"Q fra gruppi = 5.487, gl = 1, p = 0.0192","3/171","54/171",,,,,,
"S3","primaria","sottogruppi: popolazione","MH effetti fissi, senza correzione","RR",4,"HOMe aFers; PHOSPHARE-IBD; PHOSPHARE-IDA04; PHOSPHARE-IDA05",,,,,,,,,,,"non eseguibile: livelli con almeno 2 trial: ida-generica","3/171","54/171",,,,,,
"S3","primaria","sensibilità 1: solo RoB basso","MH effetti fissi, senza correzione","RR",0,"",,,,,,,,,,,"non stimabile: 0 trial nel sottoinsieme",,,,,,,,
"S3","primaria","sensibilità 3: soglia esatta","MH effetti fissi, senza correzione","RR",4,"HOMe aFers; PHOSPHARE-IBD; PHOSPHARE-IDA04; PHOSPHARE-IDA05",,,,,,,,,,,"nessun trial escluso: coincide con la principale","3/171","54/171",,,,,,
"S3","primaria","sensibilità 4: senza produttore","MH effetti fissi, senza correzione","RR",0,"",,,,,,,,,,,"non stimabile: 0 trial nel sottoinsieme",,,,,,,,
"S3","primaria","sensibilità 5: senza dati solo da registro/abstract","MH effetti fissi, senza correzione","RR",4,"HOMe aFers; PHOSPHARE-IBD; PHOSPHARE-IDA04; PHOSPHARE-IDA05",,,,,,,,,,,"nessun trial escluso: coincide con la principale","3/171","54/171",,,,,,
"S4","primaria","principale","REML + HKSJ","MD",2,"PHOSPHARE-IDA04; PHOSPHARE-IDA05",0.3645,0.2415,0.4875,0.0169,0,0,0.08403,0.772,,,"",,,231,,,,,
"S4","primaria","affiancato (k<5) / sens. 2","inverso della varianza, effetti fissi","MD",2,"PHOSPHARE-IDA04; PHOSPHARE-IDA05",0.3645,0.2991,0.43,9.72e-28,0,0,0.08403,0.772,,,"",,,,,,,,
"S6","estesa","principale","sintesi narrativa","RR",2,"CTRI/2023/1/048725; PHOSPHARE-IBD",,,,,,,,,,,"1 trial con almeno un evento (< 2, protocollo §6.3): nessuna stima aggregata","0/188","1/189",377,,,,,
"S6","primaria","principale","MH effetti fissi, senza correzione","RR",3,"PHOSPHARE-IDA04; PHOSPHARE-IDA05; RAPIDIRON",0.3162,0.03306,3.025,0.318,0,0,1.965,0.374,,,"","1/1708","3/1697",3147,2,1,-1,-2,4
"S6","primaria","affiancato (k<5)","REML + HKSJ, senza correzione","RR",5,"NCT03957057; PHOSPHARE-IDA04; PHOSPHARE-IDA05; RAPIDIRON; TRIAL-DOI-10.18203_2320-1770.ijrcog20250512",,,,,,,,,,,"non stimabile: 0 trial utilizzabili","1/1708","3/1697",,,,,,
"S6","primaria","sensibilità: MH effetti fissi, doppi zeri inclusi","MH effetti fissi, doppi zeri inclusi","RD",5,"NCT03957057; PHOSPHARE-IDA04; PHOSPHARE-IDA05; RAPIDIRON; TRIAL-DOI-10.18203_2320-1770.ijrcog20250512",-0.001239,-0.00356,0.001082,0.295,0,11.1,2.249,0.325,,,"","1/1708","3/1697",,,,,,
"S6","primaria","sensibilità: Peto","Peto","OR",3,"NCT03957057; PHOSPHARE-IDA04; PHOSPHARE-IDA05; RAPIDIRON; TRIAL-DOI-10.18203_2320-1770.ijrcog20250512",0.3463,0.04854,2.472,0.29,0,34,3.03,0.22,,,"","1/1708","3/1697",,,,,,
"S6","primaria","sensibilità: GLMM","GLMM UM.FS","OR",3,"PHOSPHARE-IDA04; PHOSPHARE-IDA05; RAPIDIRON",0.3119,0.03213,3.027,0.315,0,0,,,,,"","1/1579","3/1568",,,,,,
"S6","primaria","sensibilità: correzione 0,5","REML + HKSJ, 0,5 solo ai trial con zeri","RR",3,"NCT03957057; PHOSPHARE-IDA04; PHOSPHARE-IDA05; RAPIDIRON; TRIAL-DOI-10.18203_2320-1770.ijrcog20250512",0.5383,0.01498,19.35,0.534,0,0,1.632,0.442,0.01498,19.35,"","1/1708","3/1697",,,,,,
"S6","primaria","sottogruppi: schema_dose","MH effetti fissi, senza correzione","RR",5,"NCT03957057; PHOSPHARE-IDA04; PHOSPHARE-IDA05; RAPIDIRON; TRIAL-DOI-10.18203_2320-1770.ijrcog20250512",,,,,,,,,,,"non eseguibile: livelli con almeno 2 trial: fdi-singola-fcm-frazionata","1/1708","3/1697",,,,,,
"S6","primaria","sottogruppi: popolazione","MH effetti fissi, senza correzione","RR",5,"NCT03957057; PHOSPHARE-IDA04; PHOSPHARE-IDA05; RAPIDIRON; TRIAL-DOI-10.18203_2320-1770.ijrcog20250512",,,,,,,,,,,"non eseguibile: livelli con almeno 2 trial: ida-generica","1/1708","3/1697",,,,,,
"S6","primaria","sensibilità 1: solo RoB basso","MH effetti fissi, senza correzione","RR",0,"",,,,,,,,,,,"non stimabile: 0 trial nel sottoinsieme",,,,,,,,
"S6","primaria","sensibilità 4: senza produttore","MH effetti fissi, senza correzione","RR",3,"NCT03957057; RAPIDIRON; TRIAL-DOI-10.18203_2320-1770.ijrcog20250512",,,,,,,,,,,"non stimabile: 3 trial nel sottoinsieme","0/1583","1/1580",,,,,,
"S6","primaria","sensibilità 5: senza dati solo da registro/abstract","MH effetti fissi, senza correzione","RR",3,"NCT03957057; RAPIDIRON; TRIAL-DOI-10.18203_2320-1770.ijrcog20250512",,,,,,,,,,,"non stimabile: 3 trial nel sottoinsieme","0/1583","1/1580",,,,,,
"S7","primaria","principale","sintesi narrativa","RR",2,"NCT03957057; RAPIDIRON",,,,,,,,,,,"sintesi narrativa per eterogeneità clinica: definizioni diverse (Fishbane e orticaria vs «infusion-related reaction probably/highly probably related») ed effetti di direzione opposta; decisione dell'utente 2026-09-29","341/1554","74/1551",3105,,,,,
"S8b","estesa","principale","MH effetti fissi, doppi zeri inclusi","RD",2,"CTRI/2023/1/048725; PHOSPHARE-IBD",0.0001094,-0.01444,0.01466,0.988,0,0,0,1,,,"","1/188","1/189",377,5,,0,-14,15
"S8b","estesa","affiancato (k<5)","REML + HKSJ, senza correzione","RR",2,"CTRI/2023/1/048725; PHOSPHARE-IBD",,,,,,,,,,,"non stimabile: 1 trial utilizzabili","1/188","1/189",,,,,,
"S8b","estesa","affiancato (k<5)","MH effetti fissi, senza correzione","RR",2,"CTRI/2023/1/048725; PHOSPHARE-IBD",,,,,,,,,,,"non stimabile: 1 trial utilizzabili","1/188","1/189",,,,,,
"S8b","estesa","sensibilità: Peto","Peto","OR",2,"CTRI/2023/1/048725; PHOSPHARE-IBD",,,,,,,,,,,"non stimabile: 1 trial utilizzabili","1/188","1/189",,,,,,
"S8b","estesa","sensibilità: correzione 0,5","REML + HKSJ, 0,5 solo ai trial con zeri","RR",1,"CTRI/2023/1/048725; PHOSPHARE-IBD",1.021,0.06571,15.86,0.988,0,0,0,1,,,"","1/188","1/189",,,,,,
"S8b","estesa","sensibilità 1: solo RoB basso","MH effetti fissi, doppi zeri inclusi","RD",0,"",,,,,,,,,,,"non stimabile: 0 trial nel sottoinsieme",,,,,,,,
"S8b","estesa","sensibilità 4: senza produttore","MH effetti fissi, doppi zeri inclusi","RD",1,"CTRI/2023/1/048725",,,,,,,,,,,"non stimabile: 1 trial nel sottoinsieme","0/140","0/140",,,,,,
"S8b","estesa","sensibilità 5: senza dati solo da registro/abstract","MH effetti fissi, doppi zeri inclusi","RD",1,"CTRI/2023/1/048725",,,,,,,,,,,"non stimabile: 1 trial nel sottoinsieme","0/140","0/140",,,,,,
"S8b","primaria","principale","sintesi narrativa","RD",2,"PHOSPHARE-IDA04; PHOSPHARE-IDA05",,,,,,,,,,,"2 trial con dati e nessun evento in nessun braccio: effetto non stimabile","0/125","0/117",242,,,,,
