"esito","finestra","trial","trial_id","eventi_fdi","eventi_fcm","rr","rr_inf","rr_sup","rd","rd_inf","rd_sup","rob","sede_fdi","sede_fcm","nota"
"P1","estesa","ExplorIRON-CKD","EudraCT-2019-004370-26","0/14","0/12",,,,0,0,0,"alcune-preoccupazioni","38347520: Results, Intact FGF23 and phosphate, paragrafo dopo Table 4","38347520: Results, Intact FGF23 and phosphate, paragrafo dopo Table 4","RR non definito senza correzione (zero eventi in un braccio); RD con IC di Wald"
"P1","estesa","PHOSPHARE-IBD","NCT03466983","6/48","29/49",0.2112,0.09646,0.4625,-0.4668,-0.6332,-0.3004,"alcune-preoccupazioni","36343979: Results, paragrafo dopo Figure 2 (rinvio a online supplemental table S2)","36343979: Results, paragrafo dopo Figure 2 (rinvio a online supplemental table S2)","IC di Wald"
"P1","primaria","ExplorIRON-CKD","EudraCT-2019-004370-26","0/14","0/12",,,,0,0,0,"alcune-preoccupazioni","38347520: Results, Intact FGF23 and phosphate, paragrafo dopo Table 4","38347520: Results, Intact FGF23 and phosphate, paragrafo dopo Table 4","RR non definito senza correzione (zero eventi in un braccio); RD con IC di Wald"
"P1","primaria","HOMe aFers","NCT02905539","1/13","9/12",0.1026,0.01517,0.6935,-0.6731,-0.9577,-0.3885,"alcune-preoccupazioni","32654663: Results, Endpoints (par. 1); Methods, Endpoints","32654663: Results, Endpoints (par. 1); Methods, Endpoints","IC di Wald"
"P1","primaria","PHOSPHARE-IBD","NCT03466983","4/48","25/49",0.1633,0.06145,0.4341,-0.4269,-0.5872,-0.2665,"alcune-preoccupazioni","36343979: Results, paragrafo dopo Table 1 (rinvio a Figure 2A e online supplemental table S2)","36343979: Results, paragrafo dopo Table 1 (rinvio a Figure 2A e online supplemental table S2)","IC di Wald"
"P1","primaria","PHOSPHARE-IDA04","NCT03238911","5/63","45/60",0.1058,0.04507,0.2485,-0.6706,-0.7989,-0.5423,"alcune-preoccupazioni","32016310: Figure 2A, colonna Any Postbaseline (p. 438)","32016310: Figure 2A, colonna Any Postbaseline (p. 438)","IC di Wald"
"P1","primaria","PHOSPHARE-IDA05","NCT03237065","5/62","42/57",0.1094,0.04656,0.2573,-0.6562,-0.7891,-0.5233,"alcune-preoccupazioni","32016310: Figure 2B, p. 438","32016310: Figure 2B, p. 438","IC di Wald"
"S1","primaria","NCT03957057","NCT03957057","0/93","0/95",,,,0,0,0,"alcune-preoccupazioni","41375693: Discussion par. 4; definizione in §2.4","41375693: Discussion par. 4; definizione in §2.4","RR non definito senza correzione (zero eventi in un braccio); RD con IC di Wald"
"S1","primaria","PHOSPHARE-IDA04","NCT03238911","0/63","7/59",,,,-0.1186,-0.2012,-0.03613,"alcune-preoccupazioni","NCT03238911: resultsSection.outcomeMeasuresModule.outcomeMeasures[17]","NCT03238911: resultsSection.outcomeMeasuresModule.outcomeMeasures[17]","RR non definito senza correzione (zero eventi in un braccio); RD con IC di Wald"
"S1","primaria","PHOSPHARE-IDA05","NCT03237065","0/61","6/56",,,,-0.1071,-0.1882,-0.02614,"alcune-preoccupazioni","NCT03237065: resultsSection.outcomeMeasures[17]","NCT03237065: resultsSection.outcomeMeasures[17]","RR non definito senza correzione (zero eventi in un braccio); RD con IC di Wald"
"S2","estesa","ExplorIRON-CKD","EudraCT-2019-004370-26","1/14","1/12",0.8571,0.05981,12.28,-0.0119,-0.2184,0.1946,"alcune-preoccupazioni","38347520: Discussion, secondo paragrafo","38347520: Discussion, secondo paragrafo","IC di Wald"
"S2","primaria","NCT03957057","NCT03957057","2/93","3/95",0.681,0.1164,3.983,-0.01007,-0.05596,0.03582,"alcune-preoccupazioni","41375693: Results par. 3 (testo di Table 2); Abstract; definizione in §2.4","41375693: Results par. 3 (testo di Table 2); Abstract; definizione in §2.4","IC di Wald"
"S3","primaria","HOMe aFers","NCT02905539","1/13","3/12",0.3077,0.03683,2.571,-0.1731,-0.4577,0.1115,"alcune-preoccupazioni","32654663: Additional file 5: Table S4, Visit 5 (day 33 – 37)","32654663: Additional file 5: Table S4, Visit 5 (day 33 – 37)","IC di Wald"
"S3","primaria","PHOSPHARE-IBD","NCT03466983","1/41","2/45",0.5488,0.05167,5.829,-0.02005,-0.09657,0.05646,"alcune-preoccupazioni","36343979: Suppl. Table S2 (p. 4)","36343979: Suppl. Table S2 (p. 4)","IC di Wald"
"S3","primaria","PHOSPHARE-IDA04","NCT03238911","1/59","24/58",0.04096,0.005728,0.2929,-0.3968,-0.5278,-0.2659,"alcune-preoccupazioni","32016310: Figure 2A, colonna Day 35 (p. 438)","32016310: Figure 2A, colonna Day 35 (p. 438)","IC di Wald"
"S3","primaria","PHOSPHARE-IDA05","NCT03237065","0/58","25/56",,,,-0.4464,-0.5766,-0.3162,"alcune-preoccupazioni","32016310: Figure 2B, p. 438","32016310: Figure 2B, p. 438","RR non definito senza correzione (zero eventi in un braccio); RD con IC di Wald"
"S6","estesa","CTRI/2023/1/048725","CTRI/2023/1/048725","0/140","0/140",,,,0,0,0,"alto","42111869: Results p. 318; Methods p. 316 (endpoint); Fig. 1","42111869: Results p. 318; Methods p. 316 (endpoint); Fig. 1","RR non definito senza correzione (zero eventi in un braccio); RD con IC di Wald"
"S6","estesa","PHOSPHARE-IBD","NCT03466983","0/48","1/49",,,,-0.02041,-0.06,0.01918,"alcune-preoccupazioni","36343979: Table 2, sezione Any SAE","36343979: Table 2, sezione Any SAE","RR non definito senza correzione (zero eventi in un braccio); RD con IC di Wald"
"S6","primaria","NCT03957057","NCT03957057","0/100","0/100",,,,0,0,0,"alcune-preoccupazioni","38337452: Results, ultimo paragrafo","38337452: Results, ultimo paragrafo","RR non definito senza correzione (zero eventi in un braccio); RD con IC di Wald"
"S6","primaria","PHOSPHARE-IDA04","NCT03238911","1/63","0/60",,,,0.01587,-0.01499,0.04674,"alcune-preoccupazioni","NCT03238911: resultsSection.outcomeMeasuresModule.outcomeMeasures[13]","NCT03238911: resultsSection.outcomeMeasuresModule.outcomeMeasures[13]","RR non definito senza correzione (zero eventi in un braccio); RD con IC di Wald"
"S6","primaria","PHOSPHARE-IDA05","NCT03237065","0/62","2/57",,,,-0.03509,-0.08286,0.01268,"alcune-preoccupazioni","NCT03237065: resultsSection.outcomeMeasures[13]","NCT03237065: resultsSection.outcomeMeasures[13]","RR non definito senza correzione (zero eventi in un braccio); RD con IC di Wald"
"S6","primaria","RAPIDIRON","CTRI/2020/09/027730","0/1454","1/1451",,,,-0.0006892,-0.002039,0.0006611,"alcune-preoccupazioni","39909327: Table 3, p. 120.e14","39909327: Table 3, p. 120.e14","RR non definito senza correzione (zero eventi in un braccio); RD con IC di Wald"
"S6","primaria","TRIAL-DOI-10.18203_2320-1770.ijrcog20250512","TRIAL-DOI-10.18203_2320-1770.ijrcog20250512","0/29","0/29",,,,0,0,0,"alto","DOI-10.18203_2320-1770.ijrcog20250512: Discussion, Adverse reactions p. 829; denominatore Table 5 p. 828","DOI-10.18203_2320-1770.ijrcog20250512: Discussion, Adverse reactions p. 829; denominatore Table 5 p. 828","RR non definito senza correzione (zero eventi in un braccio); RD con IC di Wald"
"S7","primaria","NCT03957057","NCT03957057","1/100","4/100",0.25,0.02844,2.198,-0.03,-0.07307,0.01307,"alcune-preoccupazioni","38337452: Results, ultimo paragrafo","38337452: Results, ultimo paragrafo","IC di Wald"
"S7","primaria","RAPIDIRON","CTRI/2020/09/027730","340/1454","70/1451",4.847,3.787,6.204,0.1856,0.1612,0.21,"alcune-preoccupazioni","39909327: Table 3, p. 120.e14","39909327: Table 3, p. 120.e14","IC di Wald"
"S8b","estesa","CTRI/2023/1/048725","CTRI/2023/1/048725","0/140","0/140",,,,0,0,0,"alto","42111869: Results p. 318; Fig. 1","42111869: Results p. 318; Fig. 1","RR non definito senza correzione (zero eventi in un braccio); RD con IC di Wald"
"S8b","estesa","PHOSPHARE-IBD","NCT03466983","1/48","1/49",1.021,0.06571,15.86,0.0004252,-0.05614,0.05699,"alcune-preoccupazioni","EUCTR-2017-002452-87: Results, Adverse events, Serious adverse events, Vascular disorders","EUCTR-2017-002452-87: Results, Adverse events, Serious adverse events, Vascular disorders","IC di Wald"
"S8b","primaria","PHOSPHARE-IDA04","NCT03238911","0/63","0/60",,,,0,0,0,"alcune-preoccupazioni","NCT03238911: resultsSection.adverseEventsModule.eventGroups[0] e seriousEvents","NCT03238911: resultsSection.adverseEventsModule.eventGroups[1]","RR non definito senza correzione (zero eventi in un braccio); RD con IC di Wald"
"S8b","primaria","PHOSPHARE-IDA05","NCT03237065","0/62","0/57",,,,0,0,0,"alcune-preoccupazioni","NCT03237065: resultsSection.adverseEventsModule.eventGroups[0] + seriousEvents","NCT03237065: resultsSection.adverseEventsModule.eventGroups[1] + seriousEvents[0]","RR non definito senza correzione (zero eventi in un braccio); RD con IC di Wald"
