"esito","finestra","k","partecipanti","rischio_bias","incoerenza","indirettezza","imprecisione","pubblicazione","motivo_rischio_bias","motivo_incoerenza","motivo_indirettezza","motivo_imprecisione","motivo_pubblicazione","certezza","frase","valutatore"
"P1","estesa","1","97","-1","0","0","-1","0","Unico trial, PHOSPHARE-IBD, complessivo alcune-preoccupazioni (ma-rob2.csv, NCT03466983 P1: D2 per 1/97 analizzato per trattamento ricevuto); per il risultato 0-70 anche D3 sarebbe alcune-preoccupazioni (osservazioni a d70 87/97), senza effetto sul complessivo.","k = 1 (risultati.csv, P1 estesa, principale): incoerenza non valutabile; non si declassa.","Popolazione IBD ristretta ma dentro la domanda (§2.3: da sola non basta); soglia < 2 mg/dL esatta (ma-trial.csv, esito registrato); dosi identiche nei due bracci (1000 mg d0 + 500/1000 mg d35).","RR 0,2112 (IC 0,09646-0,4625; trial-singoli.csv, P1 estesa, PHOSPHARE-IBD) non attraversa 1, ma con 6/48 vs 29/49 eventi e 97 partecipanti la dimensione informativa ottimale (orientamento 300 eventi) non è raggiunta.","Funnel plot non applicabile (k < 10, protocollo §11); IVORY (NCT06350955) in-attesa e non concluso, nessun trial concluso da oltre due anni senza risultati; Embase, CENTRAL e ICTRP non ancora interrogati (ma-ricerca-2026-09-29.md): giudizio provvisorio. Nota: trial finanziato da Pharmacosmos (ma-trial.csv), di per sé non prova di bias di pubblicazione.","bassa","FDI rispetto a FCM potrebbe ridurre l'incidenza di ipofosfatemia (< 0,65 mmol/L) nel follow-up esteso fino a 70 giorni (un solo trial, in pazienti con IBD).","A"
"P1","primaria","4","364","-1","0","0","-1","0","Tutti i trial della stima sono alcune-preoccupazioni (pesi.csv, P1: 100% del peso), per l'analisi per trattamento ricevuto (D2) e, in HOMe aFers, per D5. HOMe aFers (peso 6,7%) è stato fermato all'analisi ad interim non prevista nel registro con possibile sovrastima dell'effetto (ma-rob2.csv, NCT02905539 P1, nota Per GRADE): peso troppo basso per cambiare il punteggio. Sensibilità 1 (solo RoB basso) non stimabile: 0 trial.","I² = 0, Q p = 0,911 (risultati.csv, P1 primaria, principale); tutti i RR per trial a favore di FDI, da 0,1026 a 0,1633, IC sovrapposti (trial-singoli.csv).","Soglia esatta in tutti i trial (sensibilità 3: nessun trial escluso); popolazioni IDA generica, IBD, sanguinamento uterino, dentro la domanda. Schemi diversi nei PHOSPHARE-IDA (FDI 1000 mg singola vs FCM 750 mg d0 + d7, ma-trial.csv), ma dentro il PICO (qualsiasi dose e schema) e l'effetto è simile nei trial a dose uguale (HOMe aFers, PHOSPHARE-IBD).","RR 0,1194 (IC 0,08498-0,1679) lontano da 1, ma gli eventi (15/200 FDI, 121/190 FCM; risultati.csv) restano sotto l'orientamento di 300 eventi della guida §2.4: dimensione informativa ottimale non raggiunta per la regola del vault.","Funnel plot non applicabile (k < 10); IVORY (NCT06350955) in-attesa e non concluso; nessun trial concluso da oltre due anni senza risultati; Embase, CENTRAL e ICTRP non ancora interrogati (ma-ricerca-2026-09-29.md): giudizio provvisorio. Nota: tutti i trial della stima coinvolgono Pharmacosmos, produttore di FDI (pesi.csv; sensibilità 4 vuota), di per sé non prova di bias di pubblicazione.","bassa","FDI rispetto a FCM potrebbe ridurre l'incidenza di ipofosfatemia (< 0,65 mmol/L) entro 35 giorni.","A"
"S1","primaria","2","239","-1","0","0","-1","0","PHOSPHARE-IDA04 e IDA05 (100% del peso Peto, pesi.csv S1 OR) sono alcune-preoccupazioni per D2 (per trattamento ricevuto) e D5 (soglia ≤ 1,0 mg/dL analizzata post hoc; ma-rob2.csv, NCT03238911 e NCT03237065 S1). Nella RD anche ExplorIRON-CKD e NCT03957057 sono alcune-preoccupazioni.","Peto OR: I² = 0, Q p = 0,995 (risultati.csv, S1 principale Peto); i due trial hanno RD dello stesso segno (-0,1186 e -0,1071, trial-singoli.csv). Nella RD I² = 64,7% nasce dai due trial a doppio zero, non da direzioni opposte.","La stima Peto usa i soli trial a soglia esatta (sensibilità 3: coincide). La RD include NCT03957057 (fosfato misurato solo a 6 settimane, soglia < 0,34) ed ExplorIRON-CKD (soglia < 0,3 mmol/L) (ma-rob2.csv note): indirettezza presente solo nella misura affiancata. Schemi di dose diversi (FCM 750 mg × 2 vs FDI 1000 mg) dentro il PICO.","OR 0,1131 (IC 0,03712-0,3447) non attraversa 1, ma con 0/231 vs 13/222 eventi (risultati.csv) la dimensione informativa ottimale è lontana; RD -0,05961 (IC -0,09075 / -0,02847) coerente.","Funnel plot non applicabile (k < 10); IVORY (NCT06350955) in-attesa e non concluso; Embase, CENTRAL e ICTRP non ancora interrogati (ma-ricerca-2026-09-29.md): giudizio provvisorio. Nota: gli eventi vengono solo da trial Pharmacosmos (pesi.csv); la sensibilità senza produttore non è stimabile (1 trial, 0/93 vs 0/95).","bassa","FDI rispetto a FCM potrebbe ridurre l'incidenza di ipofosfatemia grave (≤ 0,32 mmol/L) entro 35 giorni.","A"
"S2","estesa","1","26","-1","0","-1","-2","0","Unico trial ExplorIRON-CKD, alcune-preoccupazioni (D3, D5; ma-rob2.csv EudraCT-2019-004370-26 S2). Nota Per GRADE: squilibri al basale (scompenso cardiaco 1/14 vs 6/12; età 63,4 vs 73,2) con p discordante fra fonti; considerati qui, non portano a -2 con 2 eventi totali.","k = 1: incoerenza non valutabile; non si declassa.","Il dato è un conteggio di episodi di «mild hypophosphatemia» riportati come evento avverso, senza tempo dell'episodio (ma-rob2.csv, S2 ExplorIRON-CKD), non l'incidenza di fosfato < 0,80 mmol/L in qualsiasi misurazione; seconda dose sospesa se fosfato < 0,65 (ma-trial.csv).","RR 0,8571 (IC 0,05981-12,28; trial-singoli.csv S2 estesa) comprende sia 0,5 sia 2 con 2 eventi totali (1/14 vs 1/12).","Funnel plot non applicabile; IVORY in-attesa e non concluso; Embase, CENTRAL e ICTRP non ancora interrogati (ma-ricerca-2026-09-29.md): giudizio provvisorio. Nota: grant Pharmacosmos (ma-trial.csv, finanziamento misto).","molto-bassa","L'evidenza è molto incerta sull'effetto di FDI rispetto a FCM sull'ipofosfatemia a soglia larga (< 0,80 mmol/L) nel follow-up esteso.","A"
"S2","primaria","1","188","-1","0","-2","-2","0","Unico trial NCT03957057, alcune-preoccupazioni con tre domini AP (D2, D3 per le 3 escluse per trasfusione nel braccio FDI; D5 esito non registrato) (ma-rob2.csv NCT03957057 S2).","k = 1: incoerenza non valutabile; non si declassa.","Fosfato misurato solo a 6 settimane («We only measured phosphate levels six weeks after treatments», ma-rob2.csv nota Per GRADE): l'ipofosfatemia transitoria sfugge e il dato somiglia a un'ipofosfatemia persistente, non all'incidenza; in più soglia < 0,83 mmol/L invece di 0,80. Due motivi indipendenti: -2.","RR 0,681 (IC 0,1164-3,983; trial-singoli.csv S2 primaria) comprende sia 0,5 sia 2, con 2/93 vs 3/95 eventi.","Funnel plot non applicabile; IVORY in-attesa e non concluso; Embase, CENTRAL e ICTRP non ancora interrogati (ma-ricerca-2026-09-29.md): giudizio provvisorio. Trial senza finanziamento del produttore (ma-trial.csv).","molto-bassa","L'evidenza è molto incerta sull'effetto di FDI rispetto a FCM sull'ipofosfatemia a soglia larga (< 0,80 mmol/L) entro la finestra primaria.","A"
"S3","primaria","4","342","-1","0","0","-1","0","Tutti i trial alcune-preoccupazioni (pesi.csv S3: 100% del peso), soprattutto per D2; HOMe aFers (peso 5,7%) fermato all'interim non registrato, possibile sovrastima (ma-rob2.csv NCT02905539 S3, Per GRADE); PHOSPHARE-IBD con D3 AP (peso 3,5%). Sensibilità 1 non stimabile.","I² = 56,1%, Q p = 0,0774 (risultati.csv S3 principale), ma tutte le stime per trial vanno a favore di FDI (RR 0,3077, 0,5488, 0,04096; RD -0,4464 per IDA05; trial-singoli.csv) e gli IC si sovrappongono: per §2.2 un I² alto con effetti dalla stessa parte non basta.","Soglia esatta in tutti i trial (sensibilità 3: coincide); in PHOSPHARE-IBD la misura a d35 precede la seconda infusione, ma è l'ultima visita della finestra; schemi di dose diversi nei PHOSPHARE-IDA (44,3% e 46,5% del peso), dentro il PICO.","RR MH 0,05484 (IC 0,01751-0,1717) non attraversa 1, ma con 3/171 vs 54/171 eventi la dimensione informativa ottimale non è raggiunta. La stima dipende dal modello: REML + HKSJ affiancato IC 0,005638-5,345 e correzione 0,5 IC 0,009676-1,33 attraversano 1 (risultati.csv S3); considerato ma non portato a -2 perché il modello principale è MH.","Funnel plot non applicabile; IVORY in-attesa e non concluso; Embase, CENTRAL e ICTRP non ancora interrogati (ma-ricerca-2026-09-29.md): giudizio provvisorio. Nota: tutti i trial coinvolgono Pharmacosmos (pesi.csv; sensibilità 4 vuota).","bassa","FDI rispetto a FCM potrebbe ridurre la persistenza dell'ipofosfatemia (< 0,65 mmol/L) all'ultima visita della finestra primaria.","A"
"S4","primaria","2","231","-1","0","0","-1","0","PHOSPHARE-IDA04 e IDA05 (100% del peso, pesi.csv S4) alcune-preoccupazioni solo per D2 (paziente analizzato come trattato; ma-rob2.csv S4).","I² = 0, Q p = 0,772 (risultati.csv S4 principale); due trial nella stessa direzione.","Variazione dal basale al giorno 35, tempo fissato dalla deviazione §15 e uguale per i due trial; esito di laboratorio che è l'esito stesso della domanda (§2.3). Schemi di dose FDI 1000 mg vs FCM 750 mg × 2 dentro il PICO.","MD 0,3645 mmol/L (IC 0,2415-0,4875) non attraversa 0, ma 231 partecipanti sono sotto l'orientamento di 400 per gli esiti continui (§2.4).","Funnel plot non applicabile; IVORY in-attesa e non concluso; Embase, CENTRAL e ICTRP non ancora interrogati (ma-ricerca-2026-09-29.md): giudizio provvisorio. Nota: entrambi i trial finanziati da Pharmacosmos (ma-trial.csv).","bassa","FDI rispetto a FCM potrebbe ridurre la diminuzione del fosfato sierico dal basale al giorno 35.","A"
"S6","estesa","2","377","-2","0","-1","-2","0","Per numerosità, la maggior parte dei partecipanti (0/140 vs 0/140 su 377) viene da CTRI/2023/1/048725, rischio alto (D1 alto, incoerenze interne della pubblicazione; ma-rob2.csv); PHOSPHARE-IBD alcune-preoccupazioni.","Un trial senza eventi e uno con 0/48 vs 1/49 (trial-singoli.csv S6 estesa): nessuna direzione confrontabile, incoerenza non valutabile.","Definizioni diverse dal protocollo S6: in CTRI/2023 «S6 limitato alle reazioni serie» senza criteri; in PHOSPHARE-IBD SAE con termine Hypersensitivity, senza l'endpoint prespecificato su HSR serie o severe (ma-rob2.csv note).","Esito a zero eventi o quasi: 0/188 vs 1/189 (risultati.csv S6 estesa); regola §2.4, -2.","Funnel plot non applicabile; IVORY in-attesa e non concluso; Embase, CENTRAL e ICTRP non ancora interrogati (ma-ricerca-2026-09-29.md): giudizio provvisorio.","molto-bassa","L'evidenza è molto incerta sull'effetto di FDI rispetto a FCM sulle reazioni di ipersensibilità gravi nel follow-up esteso.","A"
"S6","primaria","3","3147","-1","0","-1","-2","0","Trial con peso nel modello (PHOSPHARE-IDA05 67,6%, RAPIDIRON 32,4%, IDA04 0%; pesi.csv S6) tutti alcune-preoccupazioni. Fragilità segnalate: in IDA04 un solo evento, e se fosse nel paziente randomizzato a FCM la direzione si invertirebbe (ma-rob2.csv NCT03238911 S6, D2); in IDA05 una sola riclassificazione cambierebbe la stima (D4). Il trial ad alto rischio (TRIAL-DOI IJRCOG) entra solo nella RD di sensibilità.","Direzioni diverse (IDA04 1/63 vs 0/60; IDA05 0/62 vs 2/57; RAPIDIRON 0/1454 vs 1/1451; trial-singoli.csv) ma con 1-2 eventi per trial e IC ampiamente sovrapposti; I² = 0 (risultati.csv): non si declassa.","Corrispondenza con la definizione S6 non verificabile: criteri di gravità di protocollo non nel vault per IDA04 e IDA05; RAPIDIRON usa «Infusion-related SAE» senza criteri NIAID/WAO/Ring-Messmer (ma-rob2.csv note, applicabilità). RAPIDIRON in gravidanza: da sola non basta.","RR MH 0,3162 (IC 0,03306-3,025; risultati.csv S6 principale) con 1/1708 vs 3/1697 eventi: esito quasi a zero eventi, IC che include sia 0,5 sia 2; regola §2.4, -2.","Funnel plot non applicabile; IVORY in-attesa e non concluso; Embase, CENTRAL e ICTRP non ancora interrogati (ma-ricerca-2026-09-29.md): giudizio provvisorio. Finanziamento misto: PHOSPHARE-IDA Pharmacosmos, RAPIDIRON pubblico (ma-trial.csv).","molto-bassa","L'evidenza è molto incerta sull'effetto di FDI rispetto a FCM sulle reazioni di ipersensibilità gravi entro la finestra primaria.","A"
"S7","primaria","2","3105","-1","-1","-1","0","0","Entrambi i trial alcune-preoccupazioni (ma-rob2.csv S7). In RAPIDIRON (1454 + 1451 dei 3105 partecipanti) il mascheramento fra bracci EV è dichiarato ma non verificato e CT.gov riporta «masking: NONE», rilevante per un esito soggettivo; in NCT03957057, open-label, D4 4.5 è il punto più fragile. Non portato a -2: nessun meccanismo di distorsione concreto documentato.","Direzioni opposte con IC non sovrapposti: NCT03957057 RR 0,25 (IC 0,02844-2,198) vs RAPIDIRON RR 4,847 (IC 3,787-6,204) (trial-singoli.csv S7). Una spiegazione candidata (definizioni diverse: Fishbane e orticaria vs infusion-related reaction; deviazione §15) esiste ma non è verificata: -1 e non -2.","Nessuno dei due trial usa la SMQ Hypersensitivity ampia del protocollo: NCT03957057 elenca reazione di Fishbane e orticaria/prurito, con zeri per l'altro braccio non dichiarati; RAPIDIRON conta le «infusion-related reaction probably/highly probably related», che includono reazioni non da ipersensibilità (risultati.csv S7 nota; ma-rob2.csv).","Nessuna stima aggregata. RAPIDIRON, che porta quasi tutti i partecipanti, ha IC lontano da 1 con 340/1454 vs 70/1451 eventi; l'incertezza residua deriva dall'incoerenza fra i trial, già contata: non si declassa due volte.","Funnel plot non applicabile; IVORY in-attesa e non concluso; Embase, CENTRAL e ICTRP non ancora interrogati (ma-ricerca-2026-09-29.md): giudizio provvisorio. Nessuno dei due trial finanziato dal produttore (ma-trial.csv).","molto-bassa","L'evidenza è molto incerta sull'effetto di FDI rispetto a FCM sulle reazioni di ipersensibilità o infusionali di qualsiasi gravità.","A"
"S8b","estesa","2","377","-2","0","0","-2","0","Per numerosità, la maggior parte dei partecipanti viene da CTRI/2023/1/048725 (0/140 vs 0/140), rischio alto; lo zero è dedotto dall'assenza di qualsiasi SAE, non da un elenco per SOC (ma-rob2.csv CTRI/2023/1/048725 S8b). PHOSPHARE-IBD alcune-preoccupazioni.","Un trial a doppio zero e uno con 1/48 vs 1/49 (trial-singoli.csv S8b estesa): incoerenza non valutabile.","SAE delle SOC Cardiac e Vascular disorders come da definizione S8b (EU CTR per PHOSPHARE-IBD). Popolazioni IDA e IBD dentro la domanda. S8a non riportato da nessun trial (nota a margine, non punteggio).","Esito quasi a zero eventi: 1/188 vs 1/189 (risultati.csv S8b estesa); RR PHOSPHARE-IBD 1,021 (IC 0,06571-15,86). Regola §2.4, -2.","Funnel plot non applicabile; IVORY in-attesa e non concluso; Embase, CENTRAL e ICTRP non ancora interrogati (ma-ricerca-2026-09-29.md): giudizio provvisorio.","molto-bassa","L'evidenza è molto incerta sull'effetto di FDI rispetto a FCM sugli eventi avversi seri cardiaci e vascolari nel follow-up esteso.","A"
"S8b","primaria","2","242","-1","0","0","-2","0","PHOSPHARE-IDA04 e IDA05 alcune-preoccupazioni (D2 per trattamento ricevuto; D4 per esito in open-label senza aggiudicazione in cieco; ma-rob2.csv S8b); lo zero non è sensibile a riassegnazioni o errori di classificazione plausibili.","Nessun evento in nessun braccio (0/125 vs 0/117; risultati.csv S8b primaria): incoerenza non valutabile.","SAE per SOC Cardiac e Vascular disorders dall'elenco completo del registro, come da definizione S8b; popolazione IDA generica. Follow-up di 35 giorni breve per eventi cardiovascolari, ma coincide con la finestra dell'esito.","Nessun evento (0/125 vs 0/117): l'assenza di eventi non dimostra l'assenza di effetto; regola §2.4, -2.","Funnel plot non applicabile; IVORY in-attesa e non concluso; Embase, CENTRAL e ICTRP non ancora interrogati (ma-ricerca-2026-09-29.md): giudizio provvisorio. Nota: entrambi i trial finanziati da Pharmacosmos (ma-trial.csv).","molto-bassa","L'evidenza è molto incerta sull'effetto di FDI rispetto a FCM sugli eventi avversi seri cardiaci e vascolari entro 35 giorni (nessun evento osservato).","A"
