trial_id,ordine,etichetta,fonte_primaria,paese_en,popolazione_en,cecita_en,dose_fdi_en,dose_fcm_en,finanziamento_en
NCT03238911,01,PHOSPHARE-IDA04,32016310,USA,"Adults with iron-deficiency anaemia of various causes, intolerant of or unresponsive to oral iron; mostly women with gynaecological blood loss",Open-label,"1000 mg single infusion, day 0",750 mg on days 0 and 7 (1500 mg),Industry (Pharmacosmos)
NCT03237065,02,PHOSPHARE-IDA05,32016310,USA,"Adults with iron-deficiency anaemia of various causes, intolerant of or unresponsive to oral iron",Open-label,"1000 mg single infusion, day 0",750 mg on days 0 and 7 (1500 mg),Industry (Pharmacosmos)
NCT03466983,03,PHOSPHARE-IBD,36343979,"Austria, Denmark, Germany, Sweden, UK",Adults with inflammatory bowel disease and iron-deficiency anaemia,Double-blind,1000 mg day 0 + 500 or 1000 mg day 35 (1500 or 2000 mg),1000 mg day 0 + 500 or 1000 mg day 35 (1500 or 2000 mg),Industry (Pharmacosmos)
NCT02905539,04,HOMe aFers,32654663,Germany,Adult women with iron-deficiency anaemia from uterine bleeding,Double-blind,"20 mg/kg, max 1000 mg, single infusion","20 mg/kg, max 1000 mg, single infusion",Industry (Pharmacosmos)
EudraCT-2019-004370-26,05,ExplorIRON-CKD,38347520,UK,Adults with non-dialysis CKD stage 3a--5 and iron deficiency,Double-blind,1000 mg day 0 + 500 or 1000 mg at 1 month (1500 or 2000 mg),1000 mg day 0 + 500 or 1000 mg at 1 month (1500 or 2000 mg),Mixed (Pharmacosmos)
NCT03957057,06,Bomba\v{c} Tav\v{c}ar 2024,38337452,Slovenia,"Women with post-partum anaemia within 48 h of delivery (three arms, including oral iron)",Open-label,"Modified Ganzoni dose (1000--2000 mg), max 1500 mg/day","Modified Ganzoni dose (1000--2000 mg), max 1000 mg/day",None
CTRI/2020/09/027730,07,RAPIDIRON,39909327,India,"Pregnant women at 14--17 weeks with moderate iron-deficiency anaemia (three arms, including oral iron)",Partially masked (IV arms; pharmacist unblinded),"20 mg/kg, max 1000 mg, single infusion","20 mg/kg, max 1000 mg, single infusion",Foundation (CIFF)
CTRI/2023/1/048725,08,Yanamandra 2026,42111869,India,Adults 18--80 years with iron-deficiency anaemia and oral-iron intolerance,Single-blind (patients),"1000 mg iron isomaltoside (i3R), single infusion","1000 mg, single infusion",None
TRIAL-DOI-10.18203_2320-1770.ijrcog20250512,09,Murtineedi 2025,DOI-10.18203_2320-1770.ijrcog20250512,India,"Women 18--50 years with iron-deficiency anaemia (three arms, including iron sucrose)",Not reported,"Ganzoni dose, max 1500 mg per infusion","Ganzoni dose, max 1000 mg per session; further doses on days 7 and 14 if needed",None
TRIAL-33054113,10,Garbowski 2020,33054113,Not reported,"Non-anaemic hypoferraemic healthy adults (phase I PK/PD, four arms)",Single-blind,200 mg single infusion,200 mg single infusion,Not declared (Vifor involvement)
