id,query
10343140,S-citazioni
11401110,S-citazioni
11904617,S-citazioni
16165718,S-citazioni
16279906,S-citazioni
16316358,S-citazioni
17004982,S-citazioni
17666600,S-citazioni
17950147,S-citazioni
18191732,S-citazioni
18234203,S-citazioni
18371137,S-citazioni
18720044,S-citazioni
18845368,S-citazioni
18928998,S-citazioni
19330567,S-citazioni
19332985,S-citazioni
19405553,S-citazioni
19682342,S-citazioni
19731228,S-citazioni
19875408,S-citazioni
19888949,S-citazioni
19920054,S-citazioni
20630042,S-citazioni
20648928,S-citazioni
20648931,S-citazioni
20929915,S-citazioni
21340038,M1-rct-head-to-head
21439379,M1-rct-head-to-head
21479141,M1-rct-head-to-head
21625121,M1-rct-head-to-head
21699794,S-citazioni
21921645,S-citazioni
21942989,S-citazioni
21978726,S-citazioni
22241947,M1-rct-head-to-head
22297124,S-citazioni
22348897,S-citazioni
22405161,S-citazioni
22413903,M1-rct-head-to-head
22419860,S-citazioni
22575608,S-citazioni
22652723,M1-rct-head-to-head
22940889,S-citazioni
22997572,S-citazioni
23078888,S-citazioni
23222534,S-citazioni
23274316,M1-rct-head-to-head
23293433,S-citazioni
23314137,M1-rct-head-to-head
23505057,S-citazioni
23644823,S-citazioni
23678667,M1-rct-head-to-head
23680589,S-citazioni
23772856,S-citazioni
23787722,S-citazioni
23950195,S-citazioni
23950666,M1-rct-head-to-head
23963731,S-citazioni
23998966,M1-rct-head-to-head
24036104,M1-rct-head-to-head
24069536,S-citazioni
24135037,S-citazioni
24145678,S-citazioni
24170814,S-citazioni
24312441,S-citazioni
24373521,M1-rct-head-to-head
24401789,M1-rct-head-to-head
24513913,S-citazioni
24523357,M1-rct-head-to-head
24751822,S-citazioni
24780615,S-citazioni
24839366,S-citazioni
24995217,S-citazioni
25017687,M1-rct-head-to-head
25050519,M1-rct-head-to-head
25050519,S-crossref
25176939,S-citazioni
25213175,M1-rct-head-to-head
25428711,S-citazioni
25501922,S-citazioni
25545376,S-citazioni
25572192,S-citazioni
25588587,S-citazioni
25666998,S-citazioni
25700159,S-citazioni
25801756,M1-rct-head-to-head
25801756,S-crossref
25900643,S-citazioni
25925701,S-citazioni
25973894,M1-rct-head-to-head
26250435,S-citazioni
26498106,M1-rct-head-to-head
26692005,S-citazioni
26765407,S-citazioni
26817624,S-citazioni
26848182,S-citazioni
26868063,S-citazioni
26927900,S-citazioni
27045221,M1-rct-head-to-head
27190361,M1-rct-head-to-head
27195774,S-citazioni
27278921,S-citazioni
27321965,S-citazioni
27455240,M1-rct-head-to-head
27557350,S-citazioni
27570088,S-citazioni
27852236,S-citazioni
27859495,M1-rct-head-to-head
27889746,M1-rct-head-to-head
27907058,M1-rct-head-to-head
28002754,M1-rct-head-to-head
28010050,S-citazioni
28052413,S-citazioni
28092401,S-citazioni
28198084,S-citazioni
28326596,M1-rct-head-to-head
28339831,S-citazioni
28371203,M1-rct-head-to-head
28436136,S-citazioni
28482869,S-citazioni
28487769,S-citazioni
28535237,S-citazioni
28701470,S-citazioni
28814833,M1-rct-head-to-head
28848355,M1-rct-head-to-head
28921558,S-citazioni
29032713,M1-rct-head-to-head
29261547,S-citazioni
29417614,S-citazioni
29424441,S-citazioni
29463597,S-citazioni
29703633,S-citazioni
30039442,S-citazioni
30107449,S-citazioni
30121943,S-citazioni
30153811,S-citazioni
30188740,M1-rct-head-to-head
30365356,S-citazioni
30393904,M1-rct-head-to-head
30393904,S-crossref
30456520,M1-rct-head-to-head
30456520,S-crossref
30518682,S-citazioni
30535629,M1-rct-head-to-head
30535629,S-crossref
30578747,S-citazioni
30689458,M1-rct-head-to-head
30689458,S-crossref
30692612,S-citazioni
30694615,S-citazioni
30717690,S-citazioni
30776909,S-citazioni
30790278,S-citazioni
30930140,S-citazioni
30932300,S-citazioni
30937851,M1-rct-head-to-head
30937851,S-crossref
30937852,M1-rct-head-to-head
30937852,S-crossref
30963552,S-citazioni
30981629,S-citazioni
31036337,S-citazioni
31127269,S-citazioni
31154627,M1-rct-head-to-head
31154627,S-crossref
31154628,M1-rct-head-to-head
31154628,S-crossref
31243803,S-citazioni
31264261,M1-rct-head-to-head
31264261,S-crossref
31441077,S-citazioni
31561177,S-citazioni
31583644,M1-rct-head-to-head
31614940,S-citazioni
31708151,S-citazioni
31928094,M1-rct-head-to-head
31928094,S-crossref
32016310,M1-rct-head-to-head
32016310,S-crossref
32030608,M1-rct-head-to-head
32049331,S-citazioni
32067585,S-citazioni
32208038,M1-rct-head-to-head
32208038,S-crossref
32253271,S-citazioni
32308402,S-citazioni
32392403,S-citazioni
32444112,M1-rct-head-to-head
32479668,M1-rct-head-to-head
32518682,S-citazioni
32542370,S-citazioni
32642775,S-citazioni
32654663,M1-rct-head-to-head
32654663,S-crossref
32819760,M1-rct-head-to-head
32843079,S-citazioni
32845453,M1-rct-head-to-head
32918335,M1-rct-head-to-head
32985539,S-citazioni
33027541,S-citazioni
33054113,M1-rct-head-to-head
33054113,Q1-head-to-head
33054113,Q2-fdi-pk-sicurezza
33054113,Q3-fcm-pk-sicurezza
33054113,Q7-comparatori
33188534,M1-rct-head-to-head
33188534,S-crossref
33197395,S-citazioni
33216324,M1-rct-head-to-head
33245866,S-citazioni
33248279,M1-rct-head-to-head
33259451,S-citazioni
33317356,M1-rct-head-to-head
33421230,S-citazioni
33442276,M1-rct-head-to-head
33442276,S-crossref
33471939,M1-rct-head-to-head
33498292,M1-rct-head-to-head
33511892,M1-rct-head-to-head
33511892,Q1-head-to-head
33511892,Q2-fdi-pk-sicurezza
33511892,Q3-fcm-pk-sicurezza
33511892,Q7-comparatori
33511892,S-crossref
33519940,M1-rct-head-to-head
33632377,S-citazioni
33745264,S-citazioni
33784968,S-citazioni
33794590,S-citazioni
33918110,S-citazioni
33927444,M1-rct-head-to-head
33993818,M1-rct-head-to-head
34003690,S-citazioni
34007138,M1-rct-head-to-head
34011020,S-citazioni
34053011,M1-rct-head-to-head
34080008,S-citazioni
34162484,S-citazioni
34168471,M1-rct-head-to-head
34171281,S-citazioni
34534708,M1-rct-head-to-head
34556166,S-citazioni
34758368,M1-rct-head-to-head
34767026,S-citazioni
34850000,M1-rct-head-to-head
34850000,Q1-head-to-head
34850000,Q4-fosfato-fgf23
34850000,S-crossref
35000281,M1-rct-head-to-head
35000281,Q1-head-to-head
35000281,Q7-comparatori
35337966,M1-rct-head-to-head
35337966,Q1-head-to-head
35337966,Q2-fdi-pk-sicurezza
35337966,Q3-fcm-pk-sicurezza
35337966,Q7-comparatori
35477731,S-citazioni
35566482,S-citazioni
35620535,S-citazioni
35771891,S-citazioni
35810949,S-citazioni
35890303,M1-rct-head-to-head
35890303,Q1-head-to-head
35890303,Q2-fdi-pk-sicurezza
35890303,Q3-fcm-pk-sicurezza
35890303,Q7-comparatori
35890303,S-crossref
35896969,S-citazioni
35930123,M1-rct-head-to-head
35947351,M1-rct-head-to-head
35947351,S-crossref
36056175,S-citazioni
36068430,M1-rct-head-to-head
36068430,Q1-head-to-head
36068430,Q2-fdi-pk-sicurezza
36068430,Q3-fcm-pk-sicurezza
36068430,Q4-fosfato-fgf23
36068430,Q5-ipersensibilita
36068430,S-crossref
36178088,M1-rct-head-to-head
36343979,M1-rct-head-to-head
36343979,Q1-head-to-head
36343979,Q2-fdi-pk-sicurezza
36343979,Q3-fcm-pk-sicurezza
36343979,Q4-fosfato-fgf23
36343979,S-crossref
36347265,M1-rct-head-to-head
36347265,Q1-head-to-head
36347265,Q2-fdi-pk-sicurezza
36347265,Q3-fcm-pk-sicurezza
36347265,Q9-cardiovascolare
36462965,M1-rct-head-to-head
36462965,Q1-head-to-head
36462965,Q2-fdi-pk-sicurezza
36462965,Q3-fcm-pk-sicurezza
36462965,Q5-ipersensibilita
36462965,S-crossref
36555659,S-citazioni
36631901,S-citazioni
36734033,S-citazioni
36823953,S-citazioni
36923182,S-citazioni
36938780,M1-rct-head-to-head
36938780,Q1-head-to-head
36938780,Q2-fdi-pk-sicurezza
36938780,Q3-fcm-pk-sicurezza
36983640,S-citazioni
37010731,M1-rct-head-to-head
37010731,S-crossref
37015198,M1-rct-head-to-head
37015198,Q1-head-to-head
37015198,Q4-fosfato-fgf23
37062867,M1-rct-head-to-head
37074386,M1-rct-head-to-head
37193585,M1-rct-head-to-head
37193585,S-crossref
37348816,S-citazioni
37380069,S-citazioni
37486650,S-citazioni
37632415,S-citazioni
37657262,M1-rct-head-to-head
37657262,Q1-head-to-head
37657262,Q2-fdi-pk-sicurezza
37657262,Q3-fcm-pk-sicurezza
37657262,Q7-comparatori
37671923,M1-rct-head-to-head
37671923,Q1-head-to-head
37671923,S-crossref
37702931,M1-rct-head-to-head
37702931,Q1-head-to-head
37702931,Q4-fosfato-fgf23
37746404,M1-rct-head-to-head
37746404,Q1-head-to-head
37746404,Q4-fosfato-fgf23
37746404,Q8-case-report
37884522,M1-rct-head-to-head
37884522,Q1-head-to-head
37884522,Q2-fdi-pk-sicurezza
37884522,Q3-fcm-pk-sicurezza
37885813,M1-rct-head-to-head
37885813,Q1-head-to-head
37885813,S-crossref
37937204,M1-rct-head-to-head
37962569,M1-rct-head-to-head
38066930,M1-rct-head-to-head
38066930,Q1-head-to-head
38066930,Q2-fdi-pk-sicurezza
38066930,Q3-fcm-pk-sicurezza
38066930,Q4-fosfato-fgf23
38066930,Q5-ipersensibilita
38066930,Q7-comparatori
38069996,S-citazioni
38094535,M1-rct-head-to-head
38167004,S-citazioni
38167523,S-citazioni
38337452,M1-rct-head-to-head
38337452,Q1-head-to-head
38337452,S-crossref
38347520,M1-rct-head-to-head
38347520,Q1-head-to-head
38347520,Q4-fosfato-fgf23
38357109,S-citazioni
38391240,M1-rct-head-to-head
38391240,Q1-head-to-head
38391240,Q4-fosfato-fgf23
38391240,S-crossref
38584682,M1-rct-head-to-head
38584682,Q1-head-to-head
38584682,Q2-fdi-pk-sicurezza
38584682,Q3-fcm-pk-sicurezza
38584682,Q4-fosfato-fgf23
38584682,Q8-case-report
38628339,S-citazioni
38643833,S-citazioni
38874697,M1-rct-head-to-head
38874697,Q1-head-to-head
38874697,Q4-fosfato-fgf23
39075673,M1-rct-head-to-head
39160066,M1-rct-head-to-head
39292421,M1-rct-head-to-head
39292421,Q1-head-to-head
39292421,Q4-fosfato-fgf23
39292421,S-crossref
39332997,S-citazioni
39408317,S-citazioni
39648248,M1-rct-head-to-head
39651609,M1-rct-head-to-head
39670550,S-citazioni
39694647,M1-rct-head-to-head
39694647,Q1-head-to-head
39694647,Q4-fosfato-fgf23
39694647,Q8-case-report
39704663,M1-rct-head-to-head
39704663,Q1-head-to-head
39704663,Q4-fosfato-fgf23
39704663,S-crossref
39788722,M1-rct-head-to-head
39788722,Q1-head-to-head
39835061,S-citazioni
39909327,M1-rct-head-to-head
39909327,Q1-head-to-head
39909327,Q2-fdi-pk-sicurezza
39909327,Q3-fcm-pk-sicurezza
39935027,S-citazioni
39954228,M1-rct-head-to-head
40091548,S-citazioni
40127959,S-citazioni
40159279,S-citazioni
40167340,M1-rct-head-to-head
40167340,Q1-head-to-head
40167340,Q4-fosfato-fgf23
40167340,S-crossref
40327072,M1-rct-head-to-head
40363966,M1-rct-head-to-head
40466719,M1-rct-head-to-head
40466719,Q1-head-to-head
40466719,Q2-fdi-pk-sicurezza
40466719,Q3-fcm-pk-sicurezza
40466719,Q5-ipersensibilita
40466719,S-crossref
40512340,M1-rct-head-to-head
40512340,Q1-head-to-head
40512340,Q2-fdi-pk-sicurezza
40512340,Q3-fcm-pk-sicurezza
40512340,Q4-fosfato-fgf23
40581114,M1-rct-head-to-head
40581114,Q1-head-to-head
40581114,Q2-fdi-pk-sicurezza
40581114,Q3-fcm-pk-sicurezza
40581114,Q7-comparatori
40603803,M1-rct-head-to-head
40625824,M1-rct-head-to-head
40625824,Q1-head-to-head
40625824,Q2-fdi-pk-sicurezza
40625824,Q3-fcm-pk-sicurezza
40625824,Q5-ipersensibilita
40625824,Q7-comparatori
40625824,Q8-case-report
40727015,S-citazioni
40896039,S-citazioni
40935025,M1-rct-head-to-head
40935025,Q1-head-to-head
40935025,Q2-fdi-pk-sicurezza
40935025,Q3-fcm-pk-sicurezza
40935025,Q4-fosfato-fgf23
40935025,S-crossref
41080322,M1-rct-head-to-head
41081933,S-citazioni
41177386,S-citazioni
41187664,M1-rct-head-to-head
41211251,S-citazioni
41347233,M1-rct-head-to-head
41375693,M1-rct-head-to-head
41375693,Q1-head-to-head
41375693,Q4-fosfato-fgf23
41375693,S-crossref
41445555,M1-rct-head-to-head
41445555,Q1-head-to-head
41445555,Q4-fosfato-fgf23
41503041,M1-rct-head-to-head
41503041,Q1-head-to-head
41503041,Q7-comparatori
41541984,M1-rct-head-to-head
41541984,Q1-head-to-head
41681887,M1-rct-head-to-head
41681887,Q1-head-to-head
41681887,Q2-fdi-pk-sicurezza
41681887,Q3-fcm-pk-sicurezza
41681887,Q4-fosfato-fgf23
41681887,Q5-ipersensibilita
41681887,S-crossref
41682243,M1-rct-head-to-head
41682243,Q1-head-to-head
41682243,Q4-fosfato-fgf23
41686372,M1-rct-head-to-head
41686372,Q1-head-to-head
41686372,Q4-fosfato-fgf23
41686372,S-crossref
41711738,S-citazioni
41849242,M1-rct-head-to-head
41849242,Q1-head-to-head
41849242,Q4-fosfato-fgf23
41849242,S-crossref
41881665,M1-rct-head-to-head
41921282,M1-rct-head-to-head
42045095,M1-rct-head-to-head
42045095,Q1-head-to-head
42069102,M1-rct-head-to-head
42069102,Q1-head-to-head
42078226,S-citazioni
42111869,M1-rct-head-to-head
42111869,Q1-head-to-head
42111869,Q2-fdi-pk-sicurezza
42111869,Q3-fcm-pk-sicurezza
42355917,M1-rct-head-to-head
42400778,M1-rct-head-to-head
42400778,Q1-head-to-head
42419988,M1-rct-head-to-head
42441103,S-citazioni
42464571,M1-rct-head-to-head
42464571,Q1-head-to-head
42464571,Q4-fosfato-fgf23
42464571,S-crossref
42498915,M1-rct-head-to-head
42498915,Q1-head-to-head
42498915,Q2-fdi-pk-sicurezza
42498915,Q3-fcm-pk-sicurezza
42498915,Q4-fosfato-fgf23
42498915,S-crossref
42502637,S-citazioni
42555980,M1-rct-head-to-head
42747867,M1-rct-head-to-head
42747867,Q1-head-to-head
42747867,Q2-fdi-pk-sicurezza
42747867,Q3-fcm-pk-sicurezza
42747867,Q5-ipersensibilita
42747867,Q7-comparatori
42764866,M1-rct-head-to-head
9148651,S-citazioni
DOI-10.1007_s40274-018-5527-5,S-crossref
DOI-10.1007_s40278-017-33473-1,S-crossref
DOI-10.1016_j.ekir.2026.103853,S-crossref
DOI-10.1016_j.jval.2018.09.2624,S-crossref
DOI-10.1016_j.jval.2019.04.1829,S-crossref
DOI-10.1016_j.jval.2020.04.1441,S-crossref
DOI-10.1016_j.jval.2020.08.2017,S-crossref
DOI-10.1016_j.jval.2022.04.1447,S-crossref
DOI-10.1016_j.jval.2022.09.1457,S-crossref
DOI-10.1016_j.jval.2022.09.502,S-crossref
DOI-10.1016_j.jval.2022.09.641,S-crossref
DOI-10.1016_j.jval.2023.09.384,S-crossref
DOI-10.1016_j.jval.2023.09.533,S-crossref
DOI-10.1016_j.jval.2023.09.684,S-crossref
DOI-10.1016_j.jval.2023.09.835,S-crossref
DOI-10.1016_j.jval.2024.03.368,S-crossref
DOI-10.1016_j.jval.2024.10.596,S-crossref
DOI-10.1016_j.jval.2024.10.622,S-crossref
DOI-10.1016_j.jval.2025.09.402,S-crossref
DOI-10.1016_j.jval.2025.09.822,S-crossref
DOI-10.1016_j.rpth.2026.106730,S-crossref
DOI-10.1016_j.rpth.2026.106749,S-crossref
DOI-10.1093_ecco-jcc_jjab073.128,S-consensus
DOI-10.1093_ecco-jcc_jjab073.128,S-crossref
DOI-10.1093_ecco-jcc_jjad212.1180,S-crossref
DOI-10.1093_ecco-jcc_jjae190.1309,S-crossref
DOI-10.1093_ecco-jcc_jjy222.847,S-consensus
DOI-10.1093_ecco-jcc_jjy222.847,S-crossref
DOI-10.1093_ndt_gfac072.005,S-crossref
DOI-10.1093_ndt_gfac072.011,S-crossref
DOI-10.1093_ndt_gfac072.013,S-crossref
DOI-10.1097_01.hs9.0000972860.64685.8e,S-citazioni
DOI-10.1136_gutjnl-2025-bsg.411,S-crossref
DOI-10.1152_physiol.2023.38.s1.5733346,S-crossref
DOI-10.1182_blood-2018-99-114386,S-consensus
DOI-10.1182_blood-2018-99-114386,S-crossref
DOI-10.1182_blood-2020-134435,S-crossref
DOI-10.1182_blood-2021-148388,S-crossref
DOI-10.1182_blood-2022-159364,S-crossref
DOI-10.1182_blood-2022-165923,S-altri-metodi
DOI-10.1182_blood-2022-165923,S-crossref
DOI-10.1182_blood-2023-174508,S-crossref
DOI-10.1210_js.2019-or13-3,S-consensus
DOI-10.1210_js.2019-or13-3,S-crossref
DOI-10.17749_2070-4909_farmakoekonomika.2022.124,S-crossref
DOI-10.18203_2320-1770.ijrcog20250512,S-crossref
DOI-10.2139_ssrn.6031398,S-crossref
DOI-10.22541_au.159819170.08161798,S-crossref
DOI-10.22541_au.159985897.74620769,S-crossref
DOI-10.3410_f.736117505.793562435,S-crossref
DOI-10.4328_acam.22909,S-crossref
EPMC-PMC10493729,S-europepmc
EPMC-PMC10576948,S-europepmc
EPMC-PMC10576948-PP0460,S-europepmc
EPMC-PMC10615330,S-europepmc
EPMC-PMC11098658,S-europepmc
EPMC-PMC11177578,S-europepmc
EPMC-PMC11807454,S-crossref
EPMC-PMC11807454,S-europepmc
EPMC-PMC11807460,S-europepmc
EPMC-PMC11807541,S-europepmc
EPMC-PMC11912877,S-europepmc
EPMC-PMC12496567,S-europepmc
EPMC-PMC13100505,S-europepmc
EPMC-PMC13297121,S-europepmc
EPMC-PMC13344646,S-europepmc
EPMC-PMC13344646-337,S-europepmc
EPMC-PMC13344768,S-europepmc
EPMC-PMC13344768-LB03,S-europepmc
EPMC-PMC13439031,S-europepmc
EPMC-PMC6512590,S-europepmc
EPMC-PMC6512653,S-europepmc
EPMC-PMC6554827,S-europepmc
EPMC-PMC7123738,S-europepmc
EPMC-PMC7672678,S-europepmc
EPMC-PMC7875189,S-europepmc
EPMC-PMC7973157,S-europepmc
EPMC-PMC8089862,S-europepmc
EPMC-PMC8089959,S-europepmc
EPMC-PMC8090380,S-europepmc
EPMC-PMC8194831,S-europepmc
EPMC-PMC8548623,S-europepmc
EPMC-PMC9548091,S-europepmc
EPMC-PMC9548091-P0511,S-europepmc
EPMC-PMC9596941,S-europepmc
EPMC-PMC9596941-P16,S-europepmc
EPMC-PMC9931441,S-europepmc
EPMC-PPR1059460,S-crossref
EPMC-PPR1059460,S-europepmc
EPMC-PPR1067920,S-europepmc
EPMC-PPR1083820,S-crossref
EPMC-PPR1083820,S-europepmc
EPMC-PPR1193679,S-crossref
EPMC-PPR1193679,S-europepmc
EPMC-PPR1234531,S-europepmc
EPMC-PPR1265311,S-europepmc
EPMC-PPR1312797,S-citazioni
EPMC-PPR609550,S-crossref
EPMC-PPR609550,S-europepmc
EPMC-PPR879459,S-crossref
EPMC-PPR879459,S-europepmc
EUCTR-2017-002452-87,S-euctr
EUCTR-2019-004370-26,S-euctr
EUCTR-2022-000894-16,S-euctr
EUCTR-2022-001252-41,S-euctr
NCT02632760,S-ctgov
NCT02905539,S-ctgov
NCT03191201,S-ctgov
NCT03237065,S-ctgov
NCT03238911,S-ctgov
NCT03466983,S-ctgov
NCT03957057,S-ctgov
NCT05358509,S-ctgov
NCT05504863,S-ctgov
NCT05545527,S-ctgov
NCT05581420,S-ctgov
NCT06309641,S-ctgov
NCT06350955,S-ctgov
