trial_id,id,ruolo,note
CTRI/2020/09/027730,34556166,secondaria,
CTRI/2020/09/027730,39909327,primaria,
CTRI/2020/09/027730,42045095,secondaria,
CTRI/2020/09/027730,42069102,secondaria,
CTRI/2020/09/027730,EPMC-PMC13344646-337,secondaria,
CTRI/2020/09/027730,EPMC-PMC13344768-LB03,secondaria,
CTRI/2020/09/027730,NCT05358509,registro,
CTRI/2023/1/048725,42111869,primaria,
CTRI/2023/1/048725,DOI-10.1097_01.hs9.0000972860.64685.8e,secondaria,
EudraCT-2019-004370-26,37015198,secondaria,
EudraCT-2019-004370-26,37884522,secondaria,
EudraCT-2019-004370-26,38347520,primaria,
EudraCT-2019-004370-26,DOI-10.1093_ndt_gfac072.005,secondaria,
EudraCT-2019-004370-26,DOI-10.1093_ndt_gfac072.011,secondaria,
EudraCT-2019-004370-26,DOI-10.1093_ndt_gfac072.013,secondaria,
EudraCT-2019-004370-26,EUCTR-2019-004370-26,registro,
NCT02905539,32654663,primaria,
NCT02905539,NCT02905539,registro,
NCT03237065,32016310,primaria,
NCT03237065,34850000,secondaria,
NCT03237065,EPMC-PMC6554827,secondaria,
NCT03237065,NCT03237065,registro,
NCT03238911,32016310,primaria,
NCT03238911,34850000,secondaria,
NCT03238911,EPMC-PMC6554827,secondaria,
NCT03238911,NCT03238911,registro,
NCT03466983,36343979,primaria,
NCT03466983,38874697,secondaria,
NCT03466983,DOI-10.1016_j.jval.2022.04.1447,secondaria,
NCT03466983,DOI-10.1093_ecco-jcc_jjab073.128,secondaria,
NCT03466983,EUCTR-2017-002452-87,registro,
NCT03466983,NCT03466983,registro,
NCT03957057,37885813,secondaria,
NCT03957057,38337452,primaria,
NCT03957057,41375693,secondaria,
NCT03957057,EPMC-PPR609550,secondaria,
NCT03957057,NCT03957057,registro,
TRIAL-33054113,33054113,primaria,
TRIAL-DOI-10.18203_2320-1770.ijrcog20250512,DOI-10.18203_2320-1770.ijrcog20250512,primaria,
